screen_name,u_fol,u_fav,u_lis,u_sta,u_fri,ver,hash_freq,avg_ret,avg_fav,source,sentiment,partition
SRUTHISUBASH2,0,0,0,0,0,False,4,4,4,Twitter for Windows Phone,6,N0
niraj765,0,1,1,0,1,False,7,3,4,Mobile Web (M2),6,N0
BhSbhavin96,0,0,0,0,0,False,1,0,0,None,0,N0
soma9935,0,0,0,0,0,False,1,0,0,None,0,N0
suryanraju,1,3,1,1,3,False,8,2,4,Mobile Web (M5),3,N0
sachdevasonam27,2,2,1,3,1,False,9,4,3,Twitter for Android,8,N0
shamshadshaique,1,2,0,1,1,False,8,2,0,Twitter for Android,3,N0
PratyushKanth,4,2,1,1,1,True,4,4,6,Twitter for iPhone,5,N0
alokranjan_2001,0,1,0,0,0,False,0,0,4,Twitter for Android,5,N0
saabsarkaar9,2,4,3,4,0,False,9,4,3,Twitter for iPad,7,N0
milligazette,4,3,4,4,2,True,0,1,6,Facebook,4,N0
PMOIndia,4,0,4,3,3,True,3,3,6,Twitter Web Client,6,N0
abhinitk,3,4,3,2,4,False,2,0,5,Facebook,5,N0
NITIAayog,4,1,4,2,2,True,5,1,6,Twitter for iPhone,6,N0
RakeshB71917365,3,3,2,3,4,False,5,3,0,Twitter for Android,4,N0
AmitJain2612,1,1,2,2,3,False,3,1,5,Twitter Web Client,5,N0
andrebuklaw,3,0,4,4,0,False,7,0,0,IFTTT,4,N0
viveksagrawal,3,4,3,3,4,False,6,2,4,Twitter for Android,5,N0
PRupala,4,2,3,1,2,True,4,1,6,Twitter for iPhone,6,N0
BjpForBihar,4,0,0,1,3,False,0,0,6,Trendveer,3,N0
twisted4fun,2,4,4,4,1,False,9,4,0,Twitter Web Client,4,N0
BJP4JnK,4,1,3,3,1,True,7,4,5,TweetDeck,5,N0
manuknl,4,0,1,0,0,False,9,2,6,Twitter for Android,6,N0
vccircle,4,2,4,4,2,True,3,0,5,Hootsuite,5,N0
sudarsansand,4,4,4,2,2,True,2,2,6,Twitter for iPhone,7,N0
ExposeLiesToYou,3,3,3,3,4,False,4,3,4,Twitter Web Client,5,N0
karur_regan,4,3,1,2,3,False,2,1,5,Facebook,5,N0
VisvyaMedia,2,0,4,4,0,False,5,0,3,IFTTT,5,N0
retheeshraj10,3,4,4,4,4,False,8,2,3,Twitter for Android,4,N0
Bechara_General,4,2,3,3,4,False,1,1,0,Mobile Web (M2),4,N0
arunjaitley,4,0,4,1,2,True,1,3,6,Twitter for iPhone,6,N0
sistlamurali,3,4,3,4,3,False,5,3,0,Twitter Web Client,4,N0
Analyticsindiam,4,1,4,1,1,False,0,0,5,Sprout Social,6,N0
R_Krishnan09,2,4,2,3,2,False,9,1,6,TweetDeck,5,N0
jayantsinha,4,2,4,2,2,True,3,1,6,Hootsuite,6,N0
iFaridoon,4,3,4,4,3,True,2,0,6,Twitter for Android,8,N0
hpvarunmehrotra,3,0,3,2,4,False,7,2,0,Twitter for iPhone,5,N0
_abhisingh_,4,1,1,2,3,False,1,4,5,Twitter for Android,5,N0
TheCitizen_in,4,3,4,3,1,True,7,0,5,Twitter Web Client,4,N0
suttakid,3,2,2,4,3,False,8,2,4,Twitter for Android,5,N0
BALWANIKAPIL,2,4,3,3,4,False,1,4,4,Twitter for Android,5,N0
IndiaTodayTech,4,0,4,2,0,True,0,1,6,Hootsuite,4,N0
ShadmaTahseen,4,4,3,4,4,False,8,3,3,Twitter Web Client,4,N0
nazrah,3,1,4,4,3,False,7,2,0,Twitter for iPhone,3,N0
jsshastri1,4,0,1,1,4,False,0,0,5,Twitter Web Client,8,N0
sureshpprabhu,4,1,4,3,1,True,5,1,6,Twitter for iPhone,6,N0
karunaAAP,3,4,2,2,2,False,9,1,6,TweetDeck,5,N0
Apkbox_in,2,1,4,3,2,False,2,0,0,IFTTT,5,N0
SRKfanforeverr,4,4,3,4,3,False,3,3,3,Twitter for iPhone,6,N0
NewsWorldIN,4,2,4,4,2,True,6,0,5,Twitter Web Client,4,N0
LaliteshKushwa3,3,3,2,3,4,False,7,1,3,Twitter for Android,5,N0
KuldeepOffice,4,3,3,3,1,False,5,3,4,TweetDeck,5,N0
mpvadodara,4,3,3,2,0,True,0,1,6,Twitter for Android,5,N0
prasanto,4,4,4,4,4,True,9,4,5,Twitter for Android,4,N0
vikrammann,3,4,4,4,0,False,8,2,4,Twitter for iPhone,4,N0
rssorg_,4,0,1,1,3,False,0,0,6,TweetRandom Series,4,N0
narendramodi,4,0,4,3,4,True,8,4,6,Twitter Web Client,6,N0
Zoheb_Sh,4,1,2,2,2,False,6,2,0,TweetDeck,5,N0
AAPsunilgour,3,1,1,3,4,False,1,1,0,Twitter for iPhone,5,N0
techguard1,3,2,4,4,2,False,8,0,5,IFTTT,6,N0
Yugvani,4,2,3,4,3,False,4,0,4,dlvr.it,4,N0
Garrychakde,3,4,3,4,3,False,7,3,3,Twitter Web Client,5,N0
rameshsrivats,4,0,4,3,2,True,6,3,6,Twitter Web Client,6,N0
PonnaarrBJP,4,3,4,2,3,True,2,1,6,Twitter for iPad,5,N0
RamMadhavFC,4,1,0,1,4,False,3,1,5,Twitter for Android,5,N0
Divine_Bliss,3,4,3,4,1,False,3,1,0,TweetDeck,4,N0
ChitraSarwara,4,1,1,0,0,False,5,3,6,Twitter for Android,5,N0
IndiaToday,4,3,4,4,2,True,7,0,6,Hootsuite,4,N0
dwivedimk_ias,4,2,2,2,1,False,6,2,5,Twitter for iPhone,5,N0
priteshdesai,3,3,3,3,4,False,1,4,0,Twitter for iPhone,5,N0
HarshilGujarati,3,4,4,4,2,False,9,2,5,TweetCaster for Android,4,N0
shirditourism,4,0,1,0,4,False,7,0,0,Twitter for Android,6,N0
kevinaggett1,3,1,4,3,3,False,8,0,4,IFTTT,5,N0
sabrangindia,4,0,3,2,2,False,0,1,6,Twitter Web Client,3,N0
INCIndia,4,2,4,4,4,True,7,3,6,TweetDeck,4,N0
farman_pasha,1,4,3,3,3,False,5,1,0,Twitter Web Client,5,N0
Mamtainsan02,4,4,2,4,0,False,9,4,0,Twitter for iPhone,6,N0
AmitShah,4,1,4,2,2,True,4,3,6,Twitter for Android,5,N0
DailyO_,4,1,4,3,0,True,6,1,6,Twitter Web Client,4,N0
MumbaiInsider,3,0,4,4,1,False,4,0,5,dlvr.it,5,N0
mediaindiagroup,3,2,3,1,4,False,5,1,6,Twitter for iPhone,5,N0
pokurusrinivas,2,3,4,4,2,False,9,2,0,Twitter Web Client,4,N0
Ps_malik_54,3,4,3,4,4,False,0,0,5,Twitter for Android,6,N0
Shanayak26,4,4,2,3,2,False,2,2,4,Twitter for iPhone,5,N0
nikhilchopra,4,2,3,2,3,False,6,0,5,Twitter for iPhone,6,N0
ConversationUK,4,3,4,4,4,True,1,0,6,Echobox Social,5,N0
rahulchhawwa,4,1,1,0,4,False,3,1,6,Twitter Web Client,6,N0
Sahil_RG,3,4,4,4,3,False,7,3,0,Twitter for Android,4,N0
PreetiSMenon,4,4,4,3,2,True,7,3,6,Twitter for Android,4,N0
AashishKhetan,4,1,4,3,3,True,6,4,6,Twitter Web Client,5,N0
IbsenJG,2,0,4,4,1,False,0,0,0,dlvr.it,5,N0
NH_India,4,0,3,1,1,False,4,1,6,TweetDeck,5,N0
scrutinari,3,3,4,4,4,False,9,2,0,Twitter for Android,3,N0
mike921112,3,4,3,3,1,False,8,1,5,Twitter for iPhone,5,N0
RoflAAPiyan,4,2,2,3,2,False,4,1,4,Twitter for Android,4,N0
neetuarora94,4,4,2,4,0,False,9,3,0,Twitter for iPhone,6,N0
bhavijay_jethva,3,3,4,4,3,False,1,0,5,Facebook,5,N0
RajivPratapRudy,4,1,4,2,3,True,2,1,6,Twitter Web Client,5,N0
manojgoelbjp,4,3,3,2,4,False,7,2,6,Twitter for iPhone,4,N0
LibertyForUSA,4,4,3,4,4,False,2,4,3,Twitter Web Client,4,N0
MaheishGirri,4,2,4,3,3,True,8,2,6,Twitter for Android,5,N0
cardlessnews,2,1,4,4,2,False,0,0,0,IFTTT,5,N0
mathrubhumi,4,0,4,4,0,False,3,0,5,dlvr.it,4,N0
sallyhbrooks,3,3,4,3,4,False,5,4,4,Twitter Web Client,5,N0
sangeetainsan10,3,4,1,4,1,False,9,3,6,Twitter for Android,5,N0
BNVijaykumar,4,2,3,1,3,False,6,1,6,Twitter for iPhone,6,N0
srprabath2,4,1,3,3,4,False,4,1,0,Twitter for Android,6,N0
rahulnischal,1,4,4,2,3,False,6,3,0,Twitter for iPhone,5,N0
Abhishek_Mshra,4,0,3,4,3,True,9,1,6,Twitter for iPhone,4,N0
Punitspeaks,4,3,4,4,2,False,7,2,4,Twitter Web Client,6,N0
srspdkt,4,4,2,2,4,False,5,0,6,Twitter for Android,4,N0
djrothkopf,4,2,4,3,4,True,1,4,6,Twitter for iPhone,5,N0
ryf_feed,3,0,4,4,0,False,0,0,0,IFTTT,5,N0
kaushaldubey38,4,3,3,3,2,False,8,2,5,Twitter for Android,4,N0
Nationalistweet,3,4,4,4,3,False,0,0,3,Twitter Web Client,4,N0
manjeet1632240,3,3,3,4,2,False,5,4,5,Twitter for Android,5,N0
tech2eets,4,2,4,4,3,True,3,1,6,Buffer,5,N0
imabhishek268,4,1,1,3,4,False,3,0,6,Twitter for BlackBerry,5,N0
ParthPa07241800,3,4,4,4,4,False,6,3,0,Twitter for Android,6,N0
JeanetteThomas1,4,1,3,2,3,False,7,3,5,Twitter Web Client,5,N0
TeestaSetalvad,4,0,4,2,1,False,0,1,6,Twitter Web Client,3,N0
usanghvi55,3,4,3,4,3,False,2,2,0,Twitter for iPhone,4,N0
rahulkanwal,4,2,4,3,4,True,5,1,6,Twitter for iPhone,5,N0
DS_Khimsar,4,2,1,1,2,False,9,0,6,Twitter for iPhone,5,N0
imashishch2,4,3,2,3,4,False,8,3,0,Twitter for Android,4,N0
indiacom,4,1,4,4,2,False,4,0,4,Hootsuite,4,N0
theUnfading,3,4,3,3,2,False,8,1,5,Twitter Web Client,5,N0
VishalDadlani,4,3,4,4,3,True,3,2,6,Twitter for Android,5,N0
SecNewsBot,3,0,4,4,0,False,0,0,0,IFTTT,5,N0
Pritpal77777,4,4,2,4,4,False,9,4,6,Twitter for iPhone,6,N0
AadarshBalak,4,0,3,4,3,False,7,1,3,Twitter Web Client,6,N0
TruthOfGujarat,4,0,4,2,0,False,0,1,6,Buffer,4,N0
BansaNirmal,3,4,3,3,4,False,2,2,4,Twitter for Android,5,N0
IndianExpress,4,2,4,4,3,True,5,0,6,TweetDeck,5,N0
bgmahesh,4,1,4,3,4,True,2,4,6,Twitter for iPhone,5,N0
PritishThakare,4,3,3,3,4,False,6,3,0,Twitter for Android,4,N0
IndiasBigdebate,3,2,4,4,2,False,4,2,0,Twitter for Android,4,N0
44_mitesh,3,4,3,3,2,False,9,1,6,44_mitesh,5,N0
Ajay_Nagariya,4,3,2,3,3,False,8,1,5,Twitter for Android,4,N0
jbkavungal,3,1,4,4,3,False,6,0,0,IFTTT,5,N0
ashuyadav954,4,4,3,4,2,False,9,2,5,Twitter for iPhone,6,N0
BJPLive,4,0,4,4,1,True,0,1,6,Twitter Web Client,5,N0
azpat0,4,3,4,4,4,False,0,0,0,Google,7,N0
HMOULI,3,4,3,4,4,False,1,1,4,Twitter Web Client,5,N0
ankupande,4,1,2,2,3,False,6,4,6,Twitter for iPhone,5,N0
niyambhushan,4,2,4,3,4,False,7,0,6,Buffer,6,N0
Kamallochan1982,4,2,2,3,4,False,8,3,4,Twitter for iPhone,5,N0
naveenbebra,3,4,4,4,2,False,7,3,0,Twitter for Android,4,N0
rushmukh,3,4,3,3,2,False,1,4,6,Twitter for Android,5,N0
ShabnamHashmi,4,3,3,3,3,False,3,1,6,Twitter for Android,4,N0
kunalneo,3,0,4,3,3,False,0,0,0,dlvr.it,5,N0
Reenasaini16,4,3,3,4,2,False,9,2,0,Twitter for Android,6,N0
abpnewshindi,4,1,4,4,1,True,7,1,6,Twitter Web Client,5,N0
msirsiwal,4,2,4,4,4,False,6,0,5,IFTTT,4,N0
jayantsjy,3,4,4,4,4,False,5,2,3,Twitter Web Client,5,N0
ETHindi,4,0,4,2,0,False,6,1,6,TweetDeck,5,N0
sheetal_here,3,1,3,4,3,False,5,3,5,Twitter for iPhone,5,N0
oldkrish,4,2,2,3,3,False,0,0,6,Twitter for iPhone,4,N0
SalmanNizami_,4,4,4,3,4,True,8,2,6,Twitter Web Client,5,N0
ModiMission2019,4,2,2,1,4,False,4,4,6,Twitter for Android,5,N0
Deepak7382,4,3,3,3,2,False,8,1,0,Twitter for iPhone,4,N0
Yogesh_Rya,3,4,4,3,3,False,1,1,0,Twitter for Windows Phone,5,N0
Syddie,4,4,3,4,3,False,0,3,5,Twitter for Android,6,N0
PIB_India,4,3,4,4,2,True,9,3,6,Twitter Web Client,5,N0
navodayatimes,4,1,4,4,3,False,7,0,4,NavodayaTimes new,4,N0
Indian_Liars,3,4,3,4,4,False,2,2,0,Twitter for Android,4,N0
nmleo1,3,2,4,2,4,False,5,1,0,Twitter Web Client,5,N0
firstpost,4,1,4,4,4,True,6,0,6,TweetDeck,5,N0
IndiaNews24x7,4,0,3,4,4,False,0,0,5,dlvr.it,4,N0
shyamjokchand,4,3,2,3,2,False,4,2,6,Twitter for Android,5,N0
bijonmehta,3,2,4,3,3,False,5,1,5,Twitter Web Client,5,N0
fatima_zoya26,4,2,3,4,2,False,1,2,6,Twitter for iPhone,6,N0
mpchalia,3,4,3,3,4,False,7,1,3,Twitter for Android,5,N0
iarunsb,4,4,4,4,3,False,1,0,0,None,0,N0
rajatagr,4,1,4,4,4,True,0,4,6,Twitter Web Client,5,N0
seemamustafa,4,3,4,3,3,False,6,0,5,Twitter for iPhone,4,N0
Mr_LoLwa,4,4,3,4,2,False,5,2,4,Twitter for Android,4,N0
lethalw2010,3,3,4,4,4,False,9,4,0,Twitter Web Client,4,N0
igujju,4,2,3,2,3,False,0,3,0,Twitter for iPhone,5,N0
NewsTrackLive,4,0,4,4,0,False,3,0,0,Facebook,5,N0
RaajVaani,4,4,2,3,4,False,2,2,3,Twitter for Android,5,N0
KamranShahid_,3,3,3,3,3,False,8,1,6,Twitter for Android,5,N0
AmbedkarCaravan,4,2,4,4,2,True,8,1,6,Twitter for Android,5,N0
humannotabully,3,4,3,4,3,False,4,1,5,Twitter for Android,4,N0
KiranKS,4,0,4,4,4,False,5,2,6,Twitter Web Client,6,N0
patricklamont1,4,3,4,1,4,False,6,0,6,Buffer,5,N0
SharikINC,4,1,3,3,3,False,7,2,0,Twitter Web Client,4,N0
777Francejacque,4,4,4,4,4,False,1,3,4,Twitter for iPhone,4,N0
prove_social,3,4,4,4,2,False,7,1,0,Prove Social,5,N0
Jangid,4,3,3,3,3,False,0,4,6,Twitter for iPhone,5,N0
innova_scape,4,2,4,4,0,False,6,0,5,IFTTT,5,N0
tyagi_ajay1,4,4,3,2,4,False,5,3,0,Twitter for iPhone,5,N0
SuratAirportSTV,3,3,4,3,4,False,2,1,0,Twitter Web Client,5,N0
AniruddhINC,4,3,3,3,2,False,8,1,6,Twitter for Android,4,N0
gmartin,3,2,4,4,3,False,1,1,6,Twitter for Android,4,N0
tyagi40,4,4,3,4,4,False,9,2,0,Twitter for Android,6,N0
StanleyEpstein,4,0,4,4,4,False,5,0,4,SocialOomph,5,N0
JohnDayal,4,4,4,3,2,False,7,2,5,Twitter Web Client,4,N0
advocatearun82,3,2,4,4,4,False,0,3,3,Twitter for Android,5,N0
indigokores,3,4,4,4,3,False,7,2,0,Twitter for iPhone,4,N0
astitvam,4,3,3,3,2,False,3,1,6,Facebook,5,N0
nfcbanking,4,0,4,4,1,False,0,0,0,dlvr.it,5,N0
neelkanthmishra,4,1,3,1,2,False,6,1,6,Twitter for Android,5,N0
TheJettDavis,4,2,4,2,4,False,2,0,5,Twitter Web Client,5,N0
terikahkelunga,4,4,3,3,4,False,8,2,6,Twitter for iPhone,4,N0
ShankerPutra,3,3,3,4,3,False,7,3,0,Twitter Web Client,5,N0
singharjun9,4,4,3,4,3,False,1,1,4,Twitter for Android,6,N0
Shehzad_Ind,4,4,4,4,4,True,6,1,6,Twitter for iPhone,5,N0
ambedkarperiyar,4,1,4,3,4,False,7,2,0,Twitter Web Client,4,N0
ramrayster,3,3,3,4,2,False,5,1,5,Twitter for Android,5,N0
ISHWARLALSAHU4,3,4,4,4,4,False,9,3,0,Twitter for Android,4,N0
MusafirNamah,4,2,4,3,3,False,2,0,5,Twitter Web Client,5,N0
yo_yo_baba,4,2,4,4,3,False,6,1,0,dlvr.it,6,N0
chetanbragta,4,3,3,3,2,False,7,2,6,Twitter for iPhone,5,N0
JulienDriod,4,0,4,4,4,False,6,0,4,JulienMyOwnApp,5,N0
BspUp2017,4,4,3,3,2,False,8,1,6,Twitter Web Client,4,N0
restodehistoria,3,2,4,4,4,False,8,0,0,IFTTT,5,N0
IKaransharma27,4,4,3,3,3,False,3,2,6,Twitter for Android,4,N0
bhs7rocks,3,3,4,4,3,False,0,1,5,Twitter for iPhone,5,N0
WePesaWallet,4,1,4,1,4,False,5,2,0,Twitter for iPhone,5,N0
ajrajbjp,4,2,3,2,1,False,7,1,6,Twitter for Android,5,N0
Dil_Aawara,3,4,3,4,4,False,0,3,0,Twitter for Android,5,N0
SoonerGirl000,4,4,4,4,4,False,3,4,4,Twitter Web Client,4,N0
Aks9009Pa,4,3,3,4,3,False,7,1,3,Twitter Web Client,4,N0
nand_shubham,4,3,3,3,2,False,5,2,5,Twitter for Android,5,N0
rjvlala,2,2,4,4,4,False,6,2,0,Twitter for iPhone,5,N0
SushantSin,4,0,4,3,3,False,0,1,6,Twitter Web Client,4,N0
kingofpayments,4,0,4,4,2,False,7,0,0,RoundTeam,5,N0
NeetuGarg6,4,4,4,3,3,False,9,1,6,Twitter for Android,6,N0
sachi_gkp,3,3,4,4,4,False,5,0,5,Twitter for iPhone,5,N0
INCVolunteers,4,1,3,3,4,False,6,2,0,TweetDeck,5,N0
shareenpathak,4,2,4,2,4,False,1,0,6,Twitter for iPhone,5,N0
dipakIYC,4,4,3,4,3,False,5,4,5,Twitter for Android,4,N0
msrbpl,4,4,4,4,4,False,8,3,6,IFTTT,4,N0
i4u090909,3,3,3,4,4,False,3,1,0,Twitter for iPhone,5,N0
erpankajvyas,4,3,3,3,2,False,7,0,5,Twitter for Android,5,N0
guru9899,4,4,4,4,0,False,2,2,3,Twitter for Android,5,N0
TRUNEWS,4,3,4,4,2,False,4,3,6,Twitter Web Client,4,N0
viralvm69,3,2,4,4,3,False,7,3,0,Twitter for Android,5,N0
ariinss,4,4,4,3,3,False,5,1,0,Twitter for iPhone,6,N0
murugadass_bjp,4,0,4,1,4,False,9,1,0,Twitter for Android,5,N0
JumlaWala,4,2,3,3,4,False,5,2,0,Twitter for iPhone,4,N0
PayExpo,4,2,4,2,4,False,6,0,6,Twitter for iPhone,5,N0
RealBhikhu,4,4,3,3,4,False,8,4,3,Twitter for Android,5,N0
AdvancedMaushi,4,4,4,4,2,False,0,1,6,Twitter Web Client,4,N0
LkChahar,4,3,3,4,1,False,9,2,6,Twitter for iPhone,5,N0
lilliangoa,4,3,4,2,4,False,7,0,5,Twitter Web Client,5,N0
BoughKisor,2,4,4,4,3,False,2,1,0,Twitter for Android,5,N0
Abinash_2K,4,3,3,4,3,False,5,2,0,Twitter Web Client,4,N0
ProudIndian66,4,2,3,3,2,False,6,3,6,Twitter for Android,5,N0
KumarSaggi,3,4,4,4,3,False,4,1,0,Twitter for iPhone,5,N0
DrGarekar,4,4,4,4,4,False,3,1,6,Mobile Web (M5),6,N0
Baisaaa,4,1,4,4,4,False,7,2,5,Twitter for Android,4,N0
Kmoeti,4,3,4,3,4,False,2,3,6,Twitter for iPhone,4,N0
van_Tico,3,4,4,3,4,False,1,2,0,Twitter for Android,5,N0
WithCongress,4,2,4,4,2,False,7,1,6,TweetDeck,4,N0
Akshaysinghel,4,4,3,3,4,False,8,1,4,Twitter for Android,5,N0
Nathealings,4,1,4,4,4,False,2,0,5,Twitter Web Client,5,N0
MdMuslimKhan2,3,2,4,4,3,False,5,2,0,Twitter for Android,5,N0
imAbhishek_J,4,3,3,4,2,False,1,1,0,Twitter for Android,4,N0
khalidmfp,4,4,3,4,3,False,6,2,6,Twitter for iPhone,5,N0
asadowaisi,4,1,4,3,3,False,4,2,6,Twitter for iPhone,5,N0
ShahidsWarrior_,4,3,3,4,4,False,3,1,0,Twitter for Android,6,N0
DipendraDipzo,4,4,4,4,4,False,8,3,3,Twitter Web Client,5,N0
MissionBJP2019,4,3,4,3,4,False,7,3,6,Twitter for Android,4,N0
industry40io,4,0,4,3,4,False,5,1,0,i40bot,5,N0
amischthaker,4,4,4,4,3,False,9,2,0,TweetDeck,4,N0
abhishekvhp23,4,3,3,3,4,False,8,2,6,Twitter for Android,4,N0
Anti_31Percent,3,4,4,4,4,False,6,1,0,Twitter for iPhone,5,N0
pavan_sethi,3,4,4,4,2,False,5,1,0,Twitter for Android,5,N0
jkinsan1,4,2,3,4,4,False,7,3,0,Twitter for Android,6,N0
vinodsharma1834,4,4,3,4,3,False,2,1,5,Twitter for Android,5,N0
navinkhaitan,4,3,4,3,2,False,4,2,6,Twitter for Android,5,N0
NIRPUmbrella,4,3,4,2,4,False,1,1,6,Twitter for iPhone,5,N0
Richasharma0971,4,4,4,4,4,False,2,2,5,Twitter Web Client,4,N0
AAkshatt,4,3,4,4,4,False,3,3,3,Twitter for iPhone,5,N0
anujprajapati11,4,4,4,3,4,False,4,0,6,Twitter Web Client,5,N0
NotThatNana,4,4,3,4,3,False,0,2,0,Twitter for Android,4,N0
bhawana_pal,4,4,3,3,3,False,8,2,6,Twitter for Android,5,N0
upenk91,4,4,4,4,4,False,6,1,0,Fenix for Android,6,N0
Prabhas64,3,4,4,4,3,False,5,1,0,Twitter for Android,5,N0
AAPAdarsh,4,2,3,4,4,False,7,3,0,Twitter for Android,4,N0
jarariya91,4,3,3,3,4,False,9,1,5,Twitter for Android,5,N0
VijayViru27,4,3,4,4,2,False,5,1,0,Twitter for Android,6,N0
WrongDoc,4,3,4,4,3,False,0,1,6,Twitter for iPhone,5,N0
AnthonySald,4,1,4,4,4,False,4,2,0,Twitter Web Client,4,N0
NarenderKSharm2,4,4,3,3,4,False,7,2,3,Twitter for Android,5,N0
Col_Connaughton,4,4,4,4,4,False,2,0,0,Colin's Autotweeterpro5.3,4,N0
PplOfIndia,4,4,3,4,4,False,3,1,6,Twitter Web Client,4,N0
DeepakAKothiyal,4,4,3,3,4,False,6,2,4,Twitter for Android,5,N0
bharat_builder,4,4,4,4,3,False,8,3,5,Twitter for Android,4,N0
spirit_etrnl10,3,4,4,4,3,False,2,2,0,Twitter for Android,5,N0
ProfNKPandey,4,3,3,4,1,False,8,1,6,Twitter for Android,5,N0
mallah_suresh,4,4,1,3,4,False,7,2,0,Twitter for Android,5,N0
rons1212,4,3,4,4,4,False,4,1,4,Twitter for iPhone,5,N0
ahinsaproperty,4,3,4,4,3,False,5,2,0,Twitter for Android,6,N0
PathanAsmakhan,4,4,4,4,4,False,8,1,6,Twitter for iPhone,6,N0
PRINCEsri20,4,3,3,4,0,False,5,2,0,Twitter for Android,5,N0
shalminhere,4,1,4,4,4,False,6,3,0,Twitter for Android,4,N0
vinaydokania,4,4,4,4,4,False,8,1,5,Twitter Web Client,4,N0
DalitRising,4,4,3,3,2,False,8,1,0,Twitter for Android,5,N0
Bhavesh99T,4,4,3,4,3,False,7,2,6,Twitter for Android,4,N0
AlAkBseth,3,4,4,4,3,False,7,1,0,Twitter for Android,5,N0
MaskedSRKFan,4,3,3,4,4,False,7,4,6,Twitter for Android,5,N0
e_Devii,4,4,4,4,0,False,6,2,0,Twitter for iPhone,5,N0
anirbanganguly,4,3,4,3,4,False,5,1,6,Twitter for Android,5,N0
polticalquest,4,3,4,4,4,False,9,1,4,Twitter for Android,4,N0
MahiHerambha,4,4,4,4,4,False,8,3,6,Twitter Web Client,5,N0
SandeepMahule,4,2,4,4,4,False,5,2,5,Twitter for Android,5,N0
vikashkumarran1,4,3,3,4,4,False,5,3,0,Twitter for Android,4,N0
500Urvashi,4,4,4,4,4,False,3,2,0,Twitter for iPhone,4,N0
madil80,4,4,4,4,1,False,9,1,0,Twitter for Android,6,N0
aishwaryverma9,4,4,3,2,4,False,8,1,0,Twitter for Android,5,N0
iarunmani,4,3,4,4,3,False,8,2,3,Twitter for Android,5,N0
rockdgod,3,4,3,4,4,False,7,1,0,Twitter for Android,5,N0
jatanacharya,4,4,3,4,4,False,7,2,6,Twitter Web Client,5,N0
SHAHSUDH,4,4,4,4,3,False,7,3,5,Twitter for Android,5,N0
neelshah31790,4,3,4,4,4,False,4,1,5,Twitter for Android,4,N0
RaghuAiyar,4,4,4,4,4,False,4,4,0,Twitter for iPhone,5,N0
rawat_manbir,4,3,3,4,4,False,6,2,6,Twitter for Android,5,N0
LADHAI,4,4,4,4,4,False,5,1,4,Twitter for Android,8,N0
victoryvinoll,4,4,4,4,3,False,0,2,0,Twitter for Android,4,N0
prabin1206,4,4,4,4,4,False,4,1,0,Twitter Web Client,4,N0
jaibhimkranti,4,4,3,3,4,False,8,1,0,Twitter for Android,5,N0
sujataanandan,4,4,4,4,2,False,8,2,5,Twitter for Android,5,N0
TVSNext,4,3,4,4,4,False,7,1,0,RoundTeam,5,N0
BreakiNews,4,4,4,4,3,False,3,2,4,Twitter for Android,5,N0
sameeullah_dr,4,4,3,4,4,False,7,1,5,Twitter for Android,4,N0
tiwari_anil84,4,3,4,4,4,False,8,3,0,Twitter for Android,4,N0
upma23,4,4,4,4,4,False,7,1,6,Twitter for iPhone,5,N0
gsrandhir,3,4,4,4,4,False,6,2,0,Twitter for Android,5,N0
ParasKGhelani,4,4,4,4,4,False,4,2,6,Twitter for Android,3,N0
KilaFateh,4,4,4,4,3,False,8,2,3,Twitter for Android,5,N0
ChampDev_,4,4,4,4,4,False,2,1,5,Twitter for Android,6,N0
shubhamamdhare,4,4,3,4,4,False,4,3,0,Twitter for Android,5,N0
AjayKushwaha_,4,4,4,4,2,False,5,1,5,Twitter for Android,5,N0
kamaaaa6,4,4,4,4,4,False,7,2,4,Twitter Web Client,5,N0
nksahu55,4,4,4,4,3,False,8,1,0,Twitter for Android,4,N0
jaggirm,4,4,3,4,4,False,1,1,5,Twitter for Android,5,N0
jhaalok,4,3,4,4,4,False,8,2,6,Twitter for Android,5,N0
JoshiRakesh2004,4,4,4,4,4,False,7,3,0,Twitter for iPhone,5,N0
ramana1729,4,4,4,4,4,False,5,4,0,Twitter for Android,4,N0
narendrapjoshi,4,4,4,4,4,False,6,2,6,Twitter for Android,4,N0
WorldJat,4,4,4,4,4,False,7,1,4,Twitter for iPhone,5,N0
kauserseema,4,4,4,4,4,False,4,1,5,Twitter for Android,6,N0
AdityaZaveri,4,4,3,4,4,False,7,3,0,Twitter for Android,5,N0
RutvikSubhedar,4,4,4,4,2,False,9,2,0,Twitter for Android,5,N0
JugalKhetan,4,4,4,4,4,False,8,1,5,Twitter Web Client,5,N0
goggabachchan,4,4,4,4,3,False,9,2,0,Twitter for Android,5,N0
naijonam,4,4,4,4,4,False,3,1,4,Twitter for Android,4,N0
alamgirizvi,4,4,4,4,4,False,8,1,6,Twitter for iPhone,5,N0
amz360,4,4,4,4,3,False,7,2,5,Twitter for Android,5,N0
VickyNamo,4,4,3,4,4,False,4,2,0,Twitter for Android,5,N0
tshamsi88,4,4,4,4,4,False,2,2,6,Twitter for Android,4,N0
bpuand,4,4,4,4,4,False,5,2,4,Twitter for Android,4,N0
DigiHunk,4,4,4,4,4,False,4,1,0,tweethunk,5,N0
niku1630,4,4,4,4,4,False,7,1,5,Twitter for iPhone,5,N0
defad920f38440c,4,4,3,4,4,False,9,1,0,Twitter for Android,5,N0
opolloqo,4,4,4,4,4,False,6,1,0,Twitter Web Client,5,N0
rajkshroff,4,4,4,4,4,False,9,2,0,Twitter for Android,3,N0
AAPlogical,4,4,4,4,4,False,1,3,0,Twitter for Android,5,N0
Gravim71,4,4,4,4,4,False,8,1,0,Twitter for iPhone,5,N0
taraspalmaan,4,4,4,4,4,False,5,2,4,Twitter for Android,5,N0
Yogeshbanarasi,4,4,3,4,4,False,7,2,0,Twitter for Android,5,N0
2morrowknight,4,4,4,4,4,False,4,1,6,Twitter for Android,5,N0
shanmugam_18,4,4,4,4,4,False,8,1,0,Twitter for Android,4,N0
56perumal,4,4,4,4,4,False,6,2,0,Twitter Web Client,5,N0
digitalperiod,4,4,4,4,4,False,7,1,0,TweetAppie,5,N0
mohnotgaurav18,4,4,4,4,4,False,7,1,6,Twitter for Android,5,N0
Congress_17,4,4,4,4,4,False,6,1,0,Twitter for Android,4,N0
pratikzart,4,4,4,4,4,False,2,3,0,Twitter for Android,5,N0
sadhuvaad,4,4,4,4,4,False,9,3,0,Twitter for Android,5,N0
NaMoKsath,4,4,4,4,4,False,6,1,4,Twitter for Android,5,N0
shreha211985,4,4,4,4,4,False,6,0,0,Twitter for Android,5,N0
jagdishojha45,4,4,4,4,4,False,9,2,0,Twitter for Android,5,N0
DigitalGirish,4,4,4,4,4,False,7,1,6,Twitter for Android,5,N0
TheAngryLord,4,4,4,4,4,False,8,3,0,Twitter for Android,5,N0
AAOLion,4,4,4,4,4,False,5,1,0,Twitter for Android,5,N0
agrwal_akhil,4,4,4,4,4,False,4,1,0,Twitter for Android,5,N0
geetv79,4,4,4,4,4,False,7,1,0,Twitter for Android,5,N0
SimpleCommonMan,4,4,4,4,4,False,6,1,0,Twitter for Android,5,N0
MShravank,4,4,4,4,4,False,7,1,0,Twitter for Android,5,N0
DWarwick2,3,1,3,3,4,False,5,0,3,Twitter Web Client,3,N1
IChiku303,3,4,3,4,4,False,0,1,4,Facebook,4,N1
enterprise_dp,3,0,4,3,4,False,2,0,3,DragPlus,5,N1
CitizensPoV,3,4,3,4,4,False,0,2,6,Twitter Web Client,4,N1
AmaranteConsult,2,2,4,1,4,False,3,0,4,Twitter for iPhone,6,N1
GizmoSupport,3,0,4,1,3,False,3,0,4,Twitter Web Client,6,N1
Mrs_Modi,4,3,2,3,4,False,5,2,5,Twitter for iPhone,6,N1
manouboulier,3,2,4,2,4,False,3,3,4,Twitter for iPhone,6,N1
sanjaykbank,3,3,3,1,4,False,4,1,5,Twitter for iPhone,6,N1
Lokesh__Bhavsar,1,3,1,1,4,False,3,4,3,Mobile Web (M5),6,N1
sahilsach0310,0,1,0,0,0,False,8,4,0,Twitter for Android,7,N1
MoinHeera,0,1,1,2,1,False,1,4,0,Twitter for Windows,3,N1
ArpanGami,2,4,2,2,2,False,9,3,6,TweetDeck,4,N1
SureshJha6,0,0,0,0,2,False,2,0,3,Mobile Web (M2),5,N1
goodlord12,2,4,3,4,3,False,6,2,0,Twitter for Android,4,N1
BehanJi4CM,2,2,0,1,1,False,7,1,6,Mobile Web (M5),5,N1
InocGeorge,1,0,0,0,0,False,0,0,4,Twitter Web Client,5,N1
RajenderMohite,3,4,3,3,3,False,9,2,5,RajenderMohite,4,N1
_Sania28,3,2,2,3,2,False,1,2,3,Twitter for Android,7,N1
_backlink_,3,0,4,2,1,False,7,1,0,BacklinkBot,6,N1
hspartha,1,3,2,1,3,False,5,3,3,Twitter for iPhone,6,N1
advsuneelranga,3,3,1,3,4,False,8,4,5,Twitter for Android,6,N1
Yo_Shobha,0,1,1,2,1,False,1,0,0,None,0,N1
pshunglu,4,2,3,2,2,False,4,3,4,Twitter Web Client,4,N1
SubrataSom7,0,0,0,0,0,False,0,0,6,Twitter for iPhone,3,N1
moiyyad,2,4,3,4,3,False,9,3,0,Twitter for Windows Phone,3,N1
ArvindKejriwalU,2,1,0,1,0,False,3,1,6,Twitter for Android,5,N1
digitalriser,0,0,0,0,0,False,0,0,4,WordPress.com,5,N1
jnv_rider,1,3,1,1,4,False,8,2,4,Mobile Web (M5),4,N1
Ikka_bollywood,3,2,2,3,2,False,4,4,0,Mobile Web (M5),7,N1
JiffyJoseph,3,1,4,3,1,False,6,1,0,ChennaiFloodRescue,5,N1
aapsony,3,4,2,2,3,False,9,2,3,TweetDeck,4,N1
KingAfr48746438,1,2,1,0,3,False,5,4,3,Twitter for Android,6,N1
writetosourabh,0,0,0,0,1,False,2,2,5,Twitter for Windows Phone,6,N1
im_Priyanshu,2,1,1,2,4,False,3,3,5,Mobile Web (M2),5,N1
naimul_84,2,3,3,3,2,False,1,0,0,IFTTT,4,N1
iamAKHTER,2,4,3,4,3,False,8,3,0,Twitter for iPhone,3,N1
SarcasticRofl,0,1,0,1,1,False,7,1,6,Twitter Web Client,6,N1
shubham757677,0,0,0,0,0,False,0,0,6,Twitter Web Client,7,N1
preetybharti1,1,3,2,1,0,False,8,4,4,Twitter for Android,6,N1
MufflerMan_vish,4,4,3,4,4,False,4,2,0,Twitter for iPhone,4,N1
isatruelover,3,2,2,3,2,False,2,1,4,Twitter for Android,5,N1
BabitaPatel_,3,4,2,2,2,False,9,1,3,TweetDeck,4,N1
td_das,1,2,1,0,3,False,3,4,3,Twitter for Windows Phone,5,N1
DeepakS70930621,0,0,0,0,0,False,5,0,5,Mobile Web (M2),6,N1
DigitalAyrshire,3,1,4,4,1,False,6,0,0,EADTcampBot,5,N1
MadanBatra2,2,3,1,3,1,False,9,4,5,Twitter for Android,7,N1
rshaikh123,2,3,3,3,4,False,8,2,0,Twitter for iPhone,3,N1
masonma71,2,1,1,1,3,False,4,3,3,Twitter Web Client,4,N1
Kuldip2002,0,0,0,0,1,False,0,0,6,Twitter for Android,1,N1
hemantpawar017,1,2,0,1,0,False,2,3,6,Twitter for Android,6,N1
vukovinski,3,1,4,2,4,False,7,1,0,Digital Transformation Bot,4,N1
v_rai25,2,4,2,3,2,False,9,2,4,VRTwitterApp,5,N1
AroorVibha,3,4,2,2,2,False,9,3,4,TweetDeck,4,N1
marlsuza,1,2,1,2,3,False,3,4,0,Twitter for iPhone,6,N1
prudentious,0,0,0,0,0,False,7,1,3,Mobile Web (M2),6,N1
NeverNumTwo,1,0,3,1,0,False,2,0,5,dlvr.it,5,N1
Dayanand1952,3,3,3,4,3,False,9,4,3,Twitter for Android,7,N1
gopincc,2,3,3,3,1,False,8,2,0,Twitter for Android,3,N1
maksai,1,2,1,1,1,False,1,0,0,None,0,N1
net_topnews,0,1,0,0,1,False,0,0,3,Twitter Web Client,5,N1
Raja_Africa,2,3,2,2,4,False,4,1,6,Twitter for iPhone,4,N1
amits89,3,1,4,3,4,False,6,3,0,Twitter for Android,6,N1
i_m_pankaj1985,0,1,0,1,2,False,0,3,4,Twitter for BlackBerry,5,N1
BaaniPatel,3,4,2,2,2,False,9,2,4,TweetDeck,4,N1
deekshasingh89,2,2,1,1,3,False,3,1,4,Twitter Web Client,7,N1
Ramandeep_ldh,0,0,0,0,0,False,7,4,0,Twitter for Windows Phone,6,N1
YSirkeck,3,4,2,3,3,False,1,0,5,Facebook,5,N1
InsanHunny,3,4,3,4,0,False,9,4,5,Twitter for Android,6,N1
56feku,1,3,3,3,1,False,9,3,0,Mobile Web (M5),3,N1
sufimastaan,1,2,1,1,4,False,5,2,3,Twitter for Android,5,N1
NikunjKikani777,2,0,3,0,1,False,4,0,6,Hootsuite,5,N1
wfhInd,2,0,4,4,0,False,8,0,0,IFTTT,4,N1
NimishLakhani,1,3,2,2,1,False,6,3,3,Twitter for iPhone,6,N1
India_Fightback,0,1,0,1,2,False,2,3,4,Twitter for iPhone,4,N1
DilnazBoga,3,3,2,2,4,False,8,2,0,Twitter Web Client,3,N1
snehithjalagam,2,1,1,2,2,False,0,0,3,Facebook,4,N1
trivedi_dhairya,0,0,0,0,0,False,0,1,4,Twitter for Android,7,N1
manjujadhav_,3,1,2,3,3,False,7,1,6,Twitter Web Client,4,N1
SRK_Frooti,3,4,3,4,3,False,8,4,4,Twitter for Android,6,N1
nishaninsan911,1,2,2,3,0,False,9,4,0,Twitter for Windows Phone,7,N1
ImGabbbar,2,2,1,1,2,False,1,2,5,Twitter for Android,5,N1
varunSrkian,2,4,3,3,3,False,5,3,0,Twitter for Windows,5,N1
mohdaad786,0,0,0,0,0,False,0,0,5,Mobile Web (M2),6,N1
Faridoonfanclub,1,0,2,2,1,False,4,0,6,WordPress.com,6,N1
malathy_sarovar,0,1,1,1,1,False,5,4,4,Twitter for iPhone,5,N1
azuitshi,3,4,4,4,4,False,8,2,0,Twitter Web Client,6,N1
ShreySoni7,2,3,1,2,2,False,9,1,3,TweetDeck,4,N1
Sanjeev21265,0,2,0,0,0,False,3,3,0,Mobile Web (M5),4,N1
WithCongAssamNE,3,1,2,3,2,False,7,0,6,IFTTT,4,N1
WanizaAfroz,3,4,3,4,3,False,2,3,4,Twitter for Android,6,N1
REKALASHASHANKG,1,1,1,1,1,False,8,1,3,Twitter for Android,3,N1
ankitrohilla816,0,2,0,1,0,False,9,4,5,Twitter for Android,7,N1
jasmvk,2,3,3,3,3,False,1,4,0,Twitter for iPhone,5,N1
vijay_kapadi,0,0,0,0,0,False,0,1,5,Mobile Web (M2),5,N1
iampnys,2,3,2,2,2,False,3,0,6,Twitter Web Client,6,N1
voiceofsanjeev,1,1,2,2,1,False,6,2,4,Twitter for iPhone,5,N1
NelizarKhan,3,4,3,4,4,False,2,0,0,Twitter for Android,8,N1
secl_cil,2,0,1,1,1,False,8,2,3,Twitter Web Client,5,N1
DraytonDoris,1,2,4,0,2,False,7,1,0,FintechNow,6,N1
Nisha_NPU,2,1,4,3,0,False,3,0,4,WordPress.com,4,N1
Ajashutoshjha,3,4,2,3,3,False,9,3,4,Mobile Web (M2),4,N1
kksarraf,1,1,1,0,4,False,6,3,3,Twitter for Android,6,N1
Minni20011998,0,0,0,1,0,False,9,4,6,Twitter for Android,7,N1
Avneep_Nair,0,3,1,1,1,False,5,4,0,Twitter for Windows Phone,4,N1
JessieBottcher,2,0,3,4,0,False,0,0,0,IFTTT,3,N1
rajeshbanga,3,3,2,2,3,False,4,2,6,Twitter for iPhone,6,N1
neerangautam,3,2,2,2,2,False,6,1,5,Twitter for iPhone,5,N1
hopes_asha,0,0,0,0,1,False,2,2,5,Twitter Web Client,5,N1
kronkareshwar,3,3,3,3,4,False,0,0,3,Facebook,5,N1
gecshivendra,1,0,0,0,2,False,8,1,4,Mobile Web (M5),6,N1
MishraKamalN,2,2,4,3,1,False,3,0,0,WordPress.com,5,N1
srini0851,2,4,3,4,3,False,8,3,4,Twitter Web Client,4,N1
maroliwala,1,1,1,1,2,False,7,1,3,Twitter for Android,6,N1
ReetaInsan,1,2,1,3,0,False,9,4,4,Twitter for Android,7,N1
Manpree17477001,0,1,0,1,0,False,5,4,0,Twitter for Android,7,N1
11Kruti,2,4,2,2,1,False,9,3,5,TweetDeck,4,N1
CricfreakTweets,3,1,2,2,3,False,4,2,6,Twitter Web Client,6,N1
kalkihprashar,3,4,3,4,1,False,1,0,0,Twitter for iPhone,4,N1
ritakim1265,0,0,0,0,0,False,2,2,5,Twitter Web Client,5,N1
motherrr,3,3,2,0,4,False,8,0,6,Twitter for iPad,5,N1
SoPoApp,0,0,0,0,2,False,4,0,4,Hootsuite,6,N1
leadsbot,2,2,4,1,3,False,5,1,0,www.leadsrobot.co,5,N1
DalitRamsingh,1,3,3,3,1,False,6,3,0,TweetDeck,4,N1
agNishchay,1,3,1,2,2,False,3,4,3,Twitter for Android,6,N1
Prapanchi,2,2,2,3,3,False,7,0,3,IFTTT,4,N1
Jy0tK,0,0,0,1,0,False,9,4,4,Twitter for Android,7,N1
sachinsuthar19,2,4,2,3,1,False,9,3,5,sachinsuthar19,4,N1
ariffeen,3,1,1,2,4,False,2,2,0,Twitter for iPhone,5,N1
mukeshrai881,3,4,3,4,3,False,8,2,0,Twitter for Android,3,N1
NancyJha,0,1,0,1,0,False,1,1,5,Twitter Web Client,5,N1
vsvadivelfca,3,2,2,2,0,False,0,0,6,Twitter Web Client,7,N1
AmaanMobilecare,0,0,0,0,0,False,0,0,4,Google,6,N1
AnujTodi,1,2,1,0,2,False,4,1,6,Twitter for iPhone,5,N1
sundeepa,2,0,3,1,1,False,5,3,0,TweetCaster for Android,5,N1
reyaz3609,1,3,1,1,3,False,1,4,3,Twitter for Android,6,N1
aapkipalki,1,3,2,2,2,False,7,2,0,TweetDeck,4,N1
RajeevBanduni,2,1,4,1,3,False,6,4,3,Twitter for iPhone,6,N1
BajajHansal,2,4,2,3,1,False,9,1,4,TweetDeck,4,N1
SDharmadev,3,2,2,3,4,False,3,2,0,Mobile Web (M2),4,N1
bikash_ds,3,2,3,4,2,False,8,2,0,Twitter for Android,3,N1
Arora2kKr,0,1,0,0,0,False,8,0,5,Twitter for iPhone,7,N1
anuragbiz,2,3,4,2,3,False,2,3,4,Twitter Web Client,5,N1
aadyawithaachal,0,0,0,0,0,False,1,0,6,Twitter for Android,7,N1
SeemabAhmed5,3,4,1,2,4,False,1,0,4,Put your button on any page! ,5,N1
RahulJaiss,1,0,0,1,2,False,5,1,5,Twitter Web Client,6,N1
ankushkchauhan,0,0,1,1,1,False,0,0,3,dlvr.it,4,N1
skjsdr,1,3,3,4,2,False,4,3,0,Twitter for iPhone,4,N1
sharmakapili,2,1,2,3,3,False,5,4,0,Twitter for Windows Phone,5,N1
dhanikpanchal,2,4,2,2,1,False,9,1,6,TweetDeck,4,N1
BeingSAlam_,3,2,2,3,4,False,3,2,4,Twitter for Android,6,N1
DrDevG,3,3,3,4,2,False,7,2,0,Twitter for Android,3,N1
Parammarok,3,1,0,0,0,False,2,4,5,Twitter for Android,7,N1
tweetchristo,2,1,4,3,0,False,3,0,3,IFTTT,5,N1
ShivrajJebaliya,0,2,0,0,3,False,8,2,6,Twitter for Android,6,N1
AshishDavid7,1,4,1,2,0,False,4,3,0,Twitter for iPhone,5,N1
howzzattt,1,0,0,1,2,False,6,1,5,Twitter Web Client,5,N1
nsujoy,2,0,1,1,1,False,0,0,3,Facebook,5,N1
OnlyForPsPk,3,2,3,4,2,False,2,3,4,Twitter Web Client,4,N1
connocrat,2,3,1,2,3,False,1,4,0,Twitter for iPhone,4,N1
Chikhlia_,2,4,2,2,1,False,9,1,6,TweetDeck,4,N1
jeetukawde786,0,0,0,0,1,False,5,1,4,Mobile Web (M2),4,N1
golabolla,1,1,2,3,2,False,9,2,0,Twitter for Android,3,N1
sonal_31559,3,2,3,3,4,False,6,3,4,Twitter for Android,6,N1
PaymundoSales,3,1,3,2,4,False,0,0,3,Upflow,5,N1
Prabhat18Tyagi,0,1,0,0,0,False,2,4,5,Twitter for Android,6,N1
JasvirSingh7777,2,3,1,3,0,False,8,4,0,Twitter Web Client,7,N1
vikneshmadurai,1,0,0,1,2,False,4,0,5,Twitter Web Client,5,N1
RounaqNeroy,1,1,2,1,1,False,3,1,3,Twitter for iPhone,5,N1
kachadhari,3,4,3,4,3,False,8,2,0,Twitter for iPad,4,N1
_Mataprasad,2,0,1,2,3,False,7,0,0,IFTTT,4,N1
DrBhanshali,2,3,2,2,2,False,9,2,6,TweetDeck,4,N1
BaijayantiNaya4,0,2,1,0,1,False,4,4,5,Twitter for Android,7,N1
evancooper10,2,4,2,1,3,False,1,3,4,Twitter Web Client,5,N1
IshanShaykh,0,0,0,0,1,False,6,3,4,Twitter for Android,6,N1
AAPkaThakar,3,4,3,3,3,False,9,1,6,aapkathakar,4,N1
vvishal_pandit,0,2,0,0,0,False,2,1,5,Twitter for Android,6,N1
SRKgaurav1,1,3,1,3,0,False,5,4,0,Twitter for iPhone,6,N1
sripimaa69,2,1,3,3,4,False,0,0,4,Twitter Web Client,5,N1
yourzRajesh,1,1,1,1,4,False,7,3,3,Twitter Web Client,5,N1
VendorNaija,3,0,3,4,2,False,0,0,0,dlvr.it,4,N1
ActMatloob,1,0,2,2,0,False,3,2,0,Mobile Web (M5),4,N1
rajeshdilliwale,1,3,2,2,2,False,9,2,6,TweetDeck,4,N1
PreetIn00536904,2,2,2,4,1,False,9,4,3,Twitter for Android,7,N1
Ahsanich,2,4,2,2,2,False,1,0,3,Instagram,5,N1
khushiS23111861,0,2,0,0,1,False,8,2,0,Twitter for Android,3,N1
49Kintu,3,4,3,3,3,False,9,1,4,49Kintu,5,N1
PetrDai,0,0,0,0,0,False,2,1,0,Mobile Web (M2),6,N1
sam4kukreja,1,2,1,1,1,False,6,3,6,Twitter for Android,6,N1
kayvenkatesh,3,3,3,3,4,False,2,4,4,Twitter for iPhone,5,N1
Chander_2783,3,1,1,1,3,False,5,3,5,Twitter for Android,5,N1
Shaktij615Nath,2,0,0,0,4,False,0,0,3,Twitter Web Client,6,N1
swedish_jade,0,1,0,1,0,False,3,4,0,Twitter Web Client,3,N1
negishalaka,1,3,1,2,2,False,9,1,5,TweetDeck,4,N1
ChottaGappu,2,0,2,3,0,False,7,0,4,IFTTT,4,N1
Ajayksha,2,4,2,2,2,False,9,2,5,TweetDeck,4,N1
sunil_iyc,3,2,2,4,1,False,8,2,0,Twitter for Android,4,N1
BullaSpeaks,2,4,3,3,3,False,0,0,4,UnFollowSpy,5,N1
sksignh4,0,0,0,0,0,False,1,0,0,Twitter Web Client,7,N1
SarwanBishnoi9,1,2,0,0,1,False,6,3,3,Twitter for Android,5,N1
singhabhaychauh,4,3,3,2,0,False,2,1,0,Twitter for Android,6,N1
bjpmission4up,3,1,1,1,2,False,7,4,6,Twitter for Android,5,N1
aquib_ak,3,3,2,4,3,False,2,3,4,Twitter for iPhone,5,N1
manishGTR,0,1,0,0,1,False,3,4,0,Twitter for iPhone,6,N1
RohVino,2,4,3,2,3,False,9,1,3,RohVino,4,N1
Official_IILD,1,0,3,1,1,False,4,0,4,Twitter Web Client,6,N1
TilakShroff,2,3,2,2,2,False,9,2,5,TweetDeck,4,N1
vinay55763,2,2,2,3,1,False,5,2,0,Twitter for Windows Phone,4,N1
ibrahim_siraj_,3,1,1,2,3,False,0,0,5,Facebook,5,N1
byadav44,0,0,0,1,0,False,7,1,3,Twitter Web Client,6,N1
sudhans32045640,1,1,0,0,2,False,1,3,0,Twitter for Windows,4,N1
goravsharma7777,3,3,1,3,0,False,8,4,0,Twitter for Android,7,N1
nandaji1958,1,4,1,1,3,False,0,0,6,Twitter for Android,5,N1
make_itpossible,3,3,2,3,2,False,2,3,5,Twitter for iPhone,5,N1
tatique_khan,0,0,0,0,0,False,1,4,4,Twitter for Android,6,N1
samsher_gurgaon,2,2,3,4,1,False,9,1,0,realestatexp3,4,N1
sumedhasobti,1,1,1,0,1,False,6,0,4,Twitter for iPhone,6,N1
Saniya1987,2,4,3,2,2,False,9,2,5,TweetDeck,4,N1
sambit_93,2,2,2,2,4,False,5,4,0,Twitter for Android,7,N1
ganeshjoshibjp,3,2,3,2,3,False,3,3,6,Twitter Web Client,5,N1
sabyasachichha5,0,0,0,0,0,False,0,0,3,Mobile Web (M2),5,N1
Amangera2012,1,2,0,1,2,False,4,2,0,Mobile Web (M5),4,N1
Naman7777,3,3,2,3,0,False,8,4,0,Twitter Web Client,7,N1
viswan9,0,1,1,1,1,False,0,0,4,Twitter for iPad,5,N1
kiranmartis9,3,3,4,3,3,False,4,2,3,Twitter for Android,4,N1
hpclnellore,0,1,0,0,0,False,3,1,6,Twitter for Android,6,N1
RomalThakor,2,4,2,3,2,False,9,1,5,TweetDeck,4,N1
bhatti_gurman,1,0,2,2,1,False,2,3,0,Twitter for iPhone,6,N1
insaan_navish,2,4,3,4,1,False,9,4,5,Twitter for Android,6,N1
BeingWorldian,2,1,1,0,2,False,5,0,4,Mobile Web (M2),6,N1
csharitha,3,2,1,2,2,False,6,3,6,Twitter Web Client,5,N1
2c49db30e248453,1,0,0,0,3,False,1,1,0,Facebook,5,N1
GadgetOx,2,1,3,2,0,False,0,0,3,WordPress.com,4,N1
Nirmal77771,3,3,1,2,0,False,8,4,0,Twitter Web Client,7,N1
imvijaymp,3,1,2,1,4,False,7,2,4,Twitter Web Client,5,N1
Its_me_pervaiz,1,4,0,1,1,False,8,2,3,Twitter for Android,4,N1
sharryinsan67,0,2,0,1,0,False,9,4,4,Twitter for Android,8,N1
shramn,2,2,2,3,3,False,3,1,0,Put your button on any page! ,4,N1
Srinivasan1304,0,3,0,0,1,False,0,0,5,Twitter for BlackBerry,4,N1
juman393,2,4,3,3,1,False,3,3,0,Twitter for iPhone,6,N1
insansimran24,3,3,1,3,2,False,9,4,6,Twitter for Android,6,N1
vinurajvarma,2,0,2,1,2,False,4,0,4,Buffer,5,N1
srikanthkonam,1,0,1,0,2,False,2,1,3,Twitter for Android,5,N1
TadiparShah,1,3,3,2,0,False,6,3,0,TweetDeck,4,N1
RajkBhandari13,0,1,2,2,1,False,8,3,0,Twitter Web Client,3,N1
wafa_adeel,3,2,2,2,3,False,7,2,4,Twitter Web Client,5,N1
baljeetpoonia,3,4,3,4,3,False,9,2,0,realestatexp2,4,N1
Mahendhar8,1,1,0,0,4,False,4,4,4,Twitter for Android,6,N1
jarasochoindian,2,0,0,1,0,False,0,0,3,Twitter for Android,3,N1
sujitmohan88,2,2,1,0,1,False,5,1,5,Twitter for iPhone,5,N1
christie_girly,3,4,3,3,3,False,8,3,0,50_christie,4,N1
monikainsan395,3,3,1,3,0,False,9,4,6,Twitter for Android,7,N1
MishraVn,2,2,2,1,2,False,5,0,6,Twitter for iPhone,5,N1
aakashkr007,0,0,0,0,2,False,3,4,4,Twitter Web Client,6,N1
ShreyashBothra,1,3,3,3,0,False,6,3,0,TweetDeck,4,N1
GamyaPatel,1,3,2,2,1,False,9,1,5,TweetDeck,4,N1
niranjanspeak,0,0,1,1,1,False,7,2,0,Twitter Web Client,5,N1
im_mnts,3,1,2,2,3,False,2,2,6,Twitter for Android,5,N1
Aaman4u2003,1,1,0,1,2,False,4,2,3,Twitter for Android,6,N1
BellaSharma,2,0,3,4,0,False,0,0,0,dlvr.it,4,N1
ahsiA_Aisha,2,2,0,2,4,False,6,4,4,Twitter for Android,6,N1
gondaliya1986,3,4,3,3,4,False,2,3,0,Twitter for iPhone,4,N1
jagjeetdholl645,3,2,1,4,3,False,9,4,0,Twitter for Android,7,N1
minicnair,3,4,2,3,1,False,8,0,6,Twitter for iPhone,5,N1
princegoel,0,0,0,0,0,False,0,1,3,Twitter Web Client,5,N1
RakeshGupta09,2,3,3,3,2,False,8,3,0,Mobile Web (M5),4,N1
Mohi8kr,1,3,1,2,1,False,9,1,5,TweetDeck,5,N1
GoldSilverNL,0,1,0,0,1,False,1,1,4,Twitter Web Client,4,N1
AnkitSi83514178,1,4,2,2,3,False,4,4,5,Twitter for Android,6,N1
TheRohitJadhav,1,0,0,1,2,False,3,2,4,Twitter for Android,6,N1
NarendraKBJP,3,0,1,1,0,False,7,0,6,TweetDeck,5,N1
sahil19888,2,1,4,2,1,False,5,2,0,Twitter for Android,6,N1
bpanigrahi,2,1,3,3,2,False,2,3,0,Twitter for iPhone,4,N1
Ashu25in,0,2,1,1,0,False,5,4,0,Twitter for Android,7,N1
TheTweet0fIndia,3,2,2,2,3,False,4,4,6,Twitter for iPhone,4,N1
kureelkanpur,0,0,0,0,0,False,0,0,3,Twitter Web Client,5,N1
Sonal_heart,3,4,3,3,2,False,9,2,4,sam_sunder48,4,N1
ArticClock,2,3,3,3,3,False,8,1,5,Twitter Web Client,5,N1
fallenhero24,0,2,0,0,1,False,1,3,3,Twitter for Android,5,N1
QuamilMistry,1,3,2,2,1,False,9,1,4,TweetDeck,4,N1
AjmerSufi,1,2,0,1,2,False,0,3,0,Twitter for Windows Phone,6,N1
SrkRocksNRules,3,0,0,1,1,False,3,0,5,dlvr.it,4,N1
BJP4TIRUVALLUR,2,1,1,0,0,False,7,1,6,Twitter for Android,6,N1
BeingAkif,2,4,3,4,3,False,3,4,0,Twitter for iPhone,6,N1
sarojinsa19,0,0,1,2,1,False,8,2,0,Twitter for Android,7,N1
mallikgn,3,1,2,3,4,False,1,0,0,Facebook,4,N1
summersalsa,2,2,1,1,0,False,4,4,4,Twitter for iPhone,5,N1
khanSara71,3,4,2,2,2,False,9,2,4,TweetDeck,4,N1
mohantyindia,3,3,3,3,0,False,5,3,4,Twitter Web Client,5,N1
anilsonawane145,0,2,0,0,2,False,2,0,6,Twitter Web Client,5,N1
ZoherMalkapurw2,1,4,2,2,1,False,6,3,3,Twitter for Android,4,N1
HarinarayanSi14,1,3,0,1,2,False,4,1,5,Twitter for Android,5,N1
Shruti4895,0,0,0,0,0,False,0,0,0,Mobile Web (M5),6,N1
mohan0917,2,3,0,0,3,False,3,1,3,Twitter for Android,6,N1
lop_india,2,1,3,4,1,False,8,3,0,Twitter for iPhone,4,N1
Jaspal280284,1,1,1,3,3,False,7,4,0,Twitter for Android,6,N1
suhasfranky1,3,2,2,2,4,False,0,0,0,dlvr.it,4,N1
kaminiinsan26,2,2,1,3,0,False,9,4,0,Twitter for iPhone,7,N1
thakorkajal7,3,4,2,2,3,False,9,2,4,TweetDeck,4,N1
N_Jayaram,3,3,3,3,1,False,1,2,4,Twitter Web Client,5,N1
GyanendraDash2,0,0,1,0,2,False,2,1,4,Twitter Web Client,5,N1
KusumBJP,3,0,2,1,1,False,5,0,6,TweetDeck,5,N1
knishantmit,1,1,0,1,2,False,6,4,3,Twitter for Android,5,N1
Kctewari11K,0,0,0,0,0,False,2,3,0,Twitter for Windows,4,N1
zameera78300782,2,2,0,1,4,False,4,1,3,Twitter for Android,5,N1
DindayalAgrawal,2,1,3,4,3,False,8,3,0,Twitter Web Client,4,N1
ThalapathyShiv2,0,1,1,0,1,False,2,2,5,Twitter for Android,6,N1
FrostbiteHelp,1,0,3,1,0,False,7,0,0,IFTTT,6,N1
crazyyog,2,2,1,2,3,False,8,4,0,Twitter for iPhone,6,N1
poojamodi27,3,4,2,2,3,False,9,1,5,TweetDeck,4,N1
mohitinsan007,3,3,2,3,2,False,9,4,5,Twitter for Android,7,N1
nusrat_khan123,2,4,2,2,1,False,9,2,4,nusrat_khan123,4,N1
robertjrichey,0,0,2,0,0,False,1,0,6,Twitter Web Client,5,N1
aamirspk1,3,3,1,3,2,False,3,2,5,Twitter for iPhone,5,N1
RamakrushnaMoh6,0,1,0,0,1,False,0,0,6,Twitter for Android,7,N1
_F9_F10,1,2,0,1,2,False,4,3,0,Twitter for Windows,5,N1
rupasubramaniac,1,3,3,3,0,False,6,3,0,TweetDeck,4,N1
sidhmallinathan,3,1,0,1,4,False,7,3,3,Twitter for Android,5,N1
vinodleo007,2,0,3,3,0,False,2,0,4,Twitter Web Client,4,N1
Hashtagwalla,1,2,1,2,3,False,6,4,0,Twitter for Android,6,N1
patellalji8,2,4,2,2,3,False,9,1,3,TweetDeck,4,N1
khanalmas46,1,2,0,1,2,False,5,4,0,Twitter for iPhone,6,N1
AAP_Neel,2,4,2,2,1,False,9,1,4,TweetDeck,4,N1
maplalupanel001,0,0,0,0,1,False,2,0,5,Twitter Web Client,5,N1
sumitabh007cool,2,3,1,2,2,False,3,2,5,Twitter for iPhone,5,N1
Atul_Unadkat,3,2,2,3,2,False,8,1,6,Twitter Web Client,6,N1
kin72408974,0,0,0,0,0,False,0,4,0,Twitter for Android,7,N1
nkneeraj852,3,1,3,3,4,False,4,0,0,IFTTT,5,N1
iamshabaan,0,1,1,1,1,False,5,3,4,Twitter for Android,5,N1
AnilKollam,3,0,3,3,0,False,1,0,0,iOS,4,N1
teamrrg,1,3,1,1,4,False,2,3,5,Twitter for Android,5,N1
sahir82,2,2,2,1,3,False,6,1,6,Twitter for iPhone,4,N1
SonuBai64234791,1,1,0,2,3,False,8,4,3,Twitter for Android,6,N1
Paresh_Luhar,2,4,2,2,2,False,9,3,4,TweetDeck,4,N1
BRUTFASHION,1,0,0,0,1,False,2,0,3,Twitter Web Client,5,N1
38Jalpa,2,3,2,2,1,False,9,2,5,TweetDeck,4,N1
srijssss,3,3,4,3,2,False,7,1,0,Twitter for Android,6,N1
zeyambar,0,0,0,0,0,False,0,2,0,Mobile Web (M2),4,N1
Ashish77771,3,3,1,3,0,False,9,4,0,Twitter Web Client,7,N1
jankibaat1,3,1,3,1,1,False,4,0,6,Twitter Web Client,5,N1
TecMitra,0,0,0,0,0,False,5,0,0,Google,5,N1
iamNaeem05,1,2,1,1,2,False,7,4,4,Twitter for Android,6,N1
ovarwin,2,2,3,2,3,False,2,1,4,Twitter for iPhone,5,N1
benistonj,2,1,2,1,4,False,3,3,4,Twitter for Android,6,N1
ajnabi_guy,3,4,2,3,3,False,8,2,5,Twitter for Android,4,N1
yogeshgd37,1,0,0,0,1,False,0,0,6,Twitter for iPhone,5,N1
11Boms,2,3,2,2,1,False,9,3,5,TweetDeck,4,N1
deepak_siwani,2,2,3,4,2,False,9,1,0,realestatexp,4,N1
Professor_Mani,0,1,1,0,3,False,4,2,0,Twitter Web Client,6,N1
sharma_ash26,3,3,1,3,0,False,8,4,0,Twitter for Android,7,N1
DSGAUR,1,0,0,1,1,False,1,0,0,Facebook,5,N1
mukkumar971,0,0,0,0,0,False,0,0,4,Twitter Web Client,5,N1
roohanitaakath,1,4,3,3,2,False,2,4,0,Mobile Web (M5),4,N1
SudhirMudrady,3,2,2,2,3,False,2,1,6,Twitter for Android,6,N1
guptavanna,2,1,2,1,2,False,3,4,3,Twitter for iPhone,5,N1
kamlesh141986,2,3,2,2,4,False,6,2,4,Twitter for Android,4,N1
RajeshSharmaINC,3,4,0,0,1,False,4,2,6,Twitter for Android,5,N1
aapnarendra10,2,3,2,2,1,False,9,3,5,TweetDeck,4,N1
hardeep_loharu,2,2,3,4,1,False,9,1,0,realestatexp1,4,N1
navjeet11021999,1,0,1,3,0,False,6,3,4,Twitter for Android,6,N1
Chajju77777,2,3,1,3,0,False,8,4,0,Twitter Web Client,7,N1
Indialaws,3,1,3,3,3,False,1,0,0,IFTTT,5,N1
saswatnanda1,0,0,0,0,0,False,0,0,0,Twitter Web Client,6,N1
BKSyngal,3,0,1,1,2,False,0,0,5,Twitter for iPhone,4,N1
kanchan27296976,1,2,0,0,1,False,2,1,6,Twitter for Android,5,N1
nglatne,2,1,2,1,2,False,3,4,0,Twitter for Android,3,N1
VikramSKumar,1,1,3,2,2,False,5,2,3,Twitter for Android,4,N1
SweetSneha007,3,4,2,2,2,False,9,2,5,TweetDeck,5,N1
dandapat_mukesh,2,3,2,2,3,False,5,4,4,Twitter for iPhone,5,N1
IrfanhaidarB,0,2,0,0,1,False,9,3,3,Twitter for Android,4,N1
mrunwal,1,2,1,1,1,False,4,3,4,Twitter Web Client,5,N1
Ramlok77777,2,3,1,3,0,False,8,4,0,Twitter Web Client,7,N1
Stutitopper,3,4,3,3,3,False,9,1,0,59_stuti,4,N1
HARISHA95563680,0,0,0,0,0,False,4,0,4,Twitter for Android,6,N1
maheshsundarvl,3,3,2,3,4,False,0,1,0,Twitter for iPhone,6,N1
dudi_ramnarayan,2,1,0,0,1,False,1,0,6,Twitter for iPhone,4,N1
sanjana055,0,0,0,1,1,False,6,4,0,TweetDeck,6,N1
Anyone017,1,2,2,2,2,False,2,3,3,Twitter for Android,4,N1
SShoheb,1,4,3,3,0,False,1,2,5,Twitter for Android,5,N1
LakshThakar,2,3,2,2,2,False,9,2,5,TweetDeck,5,N1
patilkiran191,3,2,1,0,3,False,5,0,6,Twitter for Android,5,N1
tiwari_mukesh,2,2,3,2,3,False,1,3,4,Twitter Web Client,4,N1
AmarInsan77777,2,3,1,3,1,False,8,4,0,Twitter Web Client,7,N1
Raman25907190,0,1,0,1,0,False,7,1,0,Twitter for Android,7,N1
Maitreyeedreams,1,0,0,0,0,False,4,1,4,Twitter for iPhone,5,N1
ram_murti15,3,4,2,4,4,False,9,3,0,Twitter for Android,6,N1
GetRidofDevils,3,1,2,3,3,False,4,1,3,Twitter for iPhone,4,N1
sanilnewstrack,0,0,0,0,1,False,0,0,0,dlvr.it,5,N1
grv_chdhry,1,1,1,1,2,False,6,4,5,Twitter for Android,4,N1
ahmedvindhani,2,4,3,3,1,False,6,2,0,Twitter for Android,3,N1
aapumesh,1,3,2,2,1,False,9,2,5,TweetDeck,5,N1
Raghavyuva123,3,2,0,1,2,False,3,3,6,Twitter for Android,6,N1
mad_mykes_manse,2,3,1,2,3,False,1,4,4,Twitter Web Client,5,N1
vikesh30,2,3,2,3,2,False,8,3,3,Twitter Web Client,4,N1
18AKGOYAL,0,0,1,2,0,False,2,0,0,Twitter Web Client,4,N1
LeonMohan,0,0,0,0,0,False,0,0,4,Twitter for iPhone,4,N1
iapurvbhansali,3,2,3,2,4,False,6,1,0,Twitter for Android,6,N1
realaapian,3,4,2,3,3,False,9,1,4,TweetDeck,4,N1
ayna2302,0,0,0,0,0,False,0,0,0,Facebook,5,N1
HarsHVKarn,1,1,1,0,1,False,2,4,6,Twitter for Android,5,N1
sashibmukhi,2,4,4,3,2,False,4,4,0,Twitter for Android,6,N1
dr_hemantmittal,3,1,3,3,1,False,4,2,4,Twitter for iPhone,5,N1
785deep1,1,2,2,4,2,False,7,3,0,Twitter for Android,6,N1
lalittiwari744,2,3,1,1,3,False,8,2,5,Twitter for Android,5,N1
21_tejas,2,3,2,2,1,False,9,1,5,TweetDeck,4,N1
Gurwinder77777,2,3,0,3,0,False,8,4,0,Twitter Web Client,7,N1
SunilkumarRatn6,0,0,1,0,0,False,5,3,6,Twitter for Android,4,N1
sajagtimes,1,2,2,1,4,False,1,0,0,Twitter Web Client,5,N1
GarvSeGujju,3,4,3,2,2,False,9,1,5,TweetDeck,4,N1
SuperGops,3,0,3,0,3,False,6,0,4,Twitter Web Client,5,N1
mwaqarazam,0,2,0,0,1,False,3,2,3,Twitter for Android,4,N1
GejaSi3,0,1,0,2,0,False,7,4,4,Twitter for Android,6,N1
manish_manisja,2,4,3,3,2,False,0,2,0,Twitter for iPhone,4,N1
VJ_Naidu040,3,1,1,2,4,False,6,3,0,Twitter for iPhone,5,N1
das_debajyoti,1,0,2,1,3,False,4,0,0,Facebook,4,N1
rajeshtalvar,2,3,2,2,1,False,9,1,5,TweetDeck,5,N1
DassCharn,2,3,0,3,1,False,8,4,0,Twitter Web Client,7,N1
jyotipinky007,1,2,1,3,0,False,9,4,4,Twitter for Android,6,N1
aejazkhot,0,0,1,0,1,False,3,3,6,Twitter for Android,5,N1
vachchhani,2,4,2,3,2,False,9,1,6,TweetDeck,4,N1
IBTimesSG,2,0,3,1,0,False,2,0,4,Twitter Web Client,5,N1
shreyasmahajan1,3,2,3,4,3,False,5,2,0,Twitter for Android,4,N1
Gkunal86gkunal,0,1,0,0,0,False,1,0,3,Twitter for Android,5,N1
jyotiPatel00,3,4,2,2,2,False,9,2,5,TweetDeck,4,N1
luckygupta041,0,1,0,0,0,False,6,3,0,Twitter for Android,6,N1
Matters_India,1,0,1,2,3,False,0,0,0,WordPress.com,5,N1
manoj_sorathiya,3,3,2,2,3,False,9,1,3,Twitter for iPhone,4,N1
shravan9848761,1,3,1,1,2,False,8,4,0,Twitter Web Client,6,N1
Rajesh40920603,2,3,1,3,1,False,9,4,4,Twitter for Android,7,N1
inversethinker,2,2,3,3,1,False,3,3,0,Twitter for iPhone,5,N1
SnTivari,0,2,0,0,1,False,7,1,5,Twitter for Android,4,N1
newbie109,2,4,2,3,2,False,8,3,4,Twitter Web Client,4,N1
royjadunath,2,2,2,1,4,False,4,2,5,Twitter for Android,5,N1
arvsurana,0,0,0,0,0,False,0,0,0,Mobile Web (M5),5,N1
saurav_mrigank,3,1,3,3,2,False,2,4,4,Twitter Web Client,4,N1
BJP4TIRUNELVELI,1,1,0,0,0,False,5,1,6,Twitter for Android,5,N1
rahulro13821912,1,4,1,2,3,False,4,3,0,Twitter for Android,6,N1
PujariKir,3,3,2,2,2,False,9,1,5,TweetDeck,4,N1
rathindra1952,0,0,0,2,0,False,0,0,0,Twitter Web Client,6,N1
jaythar,2,1,1,1,3,False,1,4,4,Twitter for Android,6,N1
akarimi1974,3,2,3,4,3,False,9,2,0,Twitter for iPhone,4,N1
Dib_Speaks,2,3,3,3,1,False,3,3,3,Twitter for Android,5,N1
democrazyindia,0,0,0,0,1,False,8,1,4,Twitter Web Client,4,N1
2see79,2,2,2,3,0,False,7,2,6,Twitter for iPhone,5,N1
VisakhaSingh10,0,3,0,1,2,False,6,4,0,Twitter for Android,7,N1
AggregatorENews,1,0,3,3,2,False,0,0,0,IFTTT,4,N1
ManasaJainPTR,2,1,1,0,1,False,3,3,5,Twitter for Android,5,N1
RAHIL_TAWSEEF,1,4,1,2,1,False,4,3,0,Twitter for iPhone,5,N1
AAPkiEkta,3,4,2,2,2,False,9,3,4,TweetDeck,4,N1
KaushikLele,1,1,0,2,0,False,0,0,0,Twitter Web Client,6,N1
verpalkaur0,0,2,0,1,0,False,8,4,5,Twitter for Android,6,N1
45_biren,3,4,3,3,3,False,9,2,0,45_biren,4,N1
Erabhinavnigam,2,3,1,2,3,False,5,1,3,Twitter for Android,5,N1
ARUNPERUMAAL,0,0,0,0,0,False,1,4,4,Twitter for Android,6,N1
sushilarya2005,3,3,2,3,2,False,8,1,5,Twitter Web Client,4,N1
TwittyAunty,2,0,1,1,1,False,3,2,6,Twitter for Android,5,N1
usha_khokhar,3,2,2,3,3,False,7,0,0,Facebook,5,N1
Ensparksystems,2,0,3,0,4,False,8,1,0,Twitter for iPhone,4,N1
vdrarsr,1,2,1,1,1,False,2,3,0,Twitter Web Client,5,N1
ChampakTeli,2,3,2,2,2,False,9,3,4,TweetDeck,4,N1
madhukarsinghj,1,1,0,0,1,False,3,0,0,Put your button on any page! ,4,N1
meenakshikhura8,0,1,0,2,0,False,9,4,5,Twitter for Android,6,N1
wishva_teacher,3,4,3,3,3,False,9,2,0,58Wishva,4,N1
rsmani1950_t,0,1,1,2,2,False,0,0,3,Twitter for Android,5,N1
anjali_talwar1,2,4,2,4,0,False,9,4,4,Twitter for Android,6,N1
sandeeppp,0,1,0,0,2,False,8,2,6,Twitter Web Client,5,N1
BJP4Jodhpur,3,2,1,1,1,False,5,1,6,Twitter for Android,4,N1
Matt18611865,3,0,2,3,3,False,1,4,0,Twitter for iPhone,4,N1
indraneel_guha,2,2,1,1,3,False,0,0,5,Twitter for iPhone,5,N1
FaizSiddiquiTOI,0,0,2,1,1,False,7,1,0,Twitter Web Client,6,N1
Arun_Jhootley,1,3,2,2,0,False,4,3,0,TweetDeck,5,N1
Vel_Veer,1,3,3,2,2,False,3,3,0,Twitter for iPhone,4,N1
tannaparag,2,1,1,0,1,False,6,3,4,Twitter for Android,6,N1
monikasethi777,3,2,0,3,3,False,9,2,5,Twitter for Android,6,N1
cc5ebb5838bb4e7,1,1,0,0,2,False,1,0,3,Twitter for Android,5,N1
Joel_sindhi,2,4,2,3,2,False,9,1,4,TweetDeck,4,N1
GurmeetBhunder,0,0,0,0,0,False,2,4,0,Twitter for Android,7,N1
krsanjay6161,2,2,1,2,4,False,8,2,3,Twitter for Android,4,N1
IndieKidHit,3,3,3,3,4,False,7,4,6,Twitter for Android,4,N1
krr_cgt,1,0,1,1,3,False,0,0,0,Twitter Web Client,5,N1
AshokJWaghmare,0,0,0,1,0,False,0,1,0,Mobile Web (M2),4,N1
PatelDanush,1,3,2,2,1,False,9,1,4,TweetDeck,5,N1
tarunpaa,2,4,2,2,3,False,3,3,0,Twitter for iPhone,5,N1
Ayesha16003856,0,1,1,0,1,False,2,3,0,Twitter for Android,6,N1
AmolvKhodke,3,2,3,3,2,False,6,2,0,Twitter for iPhone,5,N1
PathakAbhi83,1,1,0,0,1,False,1,4,5,Twitter for Android,5,N1
Acharya_Aarav,2,4,2,2,2,False,9,2,5,TweetDeck,4,N1
23yogi13,0,0,0,0,0,False,9,4,3,Twitter for Android,6,N1
PCCPONDY,2,2,1,3,0,False,4,3,5,Twitter for Android,4,N1
mdssaz,3,3,3,3,3,False,7,3,0,Twitter Web Client,4,N1
PatelJashavant,1,2,1,1,3,False,0,0,4,Twitter for Android,5,N1
vikashsanjay,0,0,0,1,0,False,0,0,0,Twitter Web Client,4,N1
80_ruchita,2,3,2,2,2,False,9,1,6,TweetDeck,5,N1
ohio312,3,1,2,2,4,False,2,1,0,Twitter Web Client,4,N1
mirdhawala,2,4,2,3,1,False,5,3,3,Twitter for Android,6,N1
saandikacka,1,2,1,1,2,False,2,2,0,Twitter for iPhone,5,N1
shriniwas440,1,1,0,0,1,False,3,0,4,Twitter for Android,5,N1
upasnainsan123,3,4,3,4,2,False,9,4,0,Twitter for Android,6,N1
Gurlalsinghins4,0,1,0,2,1,False,9,4,4,Twitter for Android,7,N1
aapajaydamor,2,0,1,2,1,False,8,2,0,Aam Aadmi Party new,4,N1
bhimajiyani_mz,2,3,3,3,0,False,4,3,0,Twitter for iPhone,4,N1
Barun_kunwar,1,2,1,1,3,False,7,0,5,Twitter for Android,5,N1
IndiaNext_One,0,0,0,0,0,False,0,0,0,Twitter Web Client,4,N1
KayanKapadiya,2,3,2,2,2,False,9,1,5,TweetDeck,5,N1
dillipkumarbjp,3,2,2,1,3,False,6,3,6,Twitter for Android,5,N1
way2ranga,2,1,2,3,2,False,1,4,3,Twitter for Android,6,N1
anantpuja,1,4,3,3,3,False,2,3,0,Twitter Web Client,4,N1
camkmehta,2,0,0,0,2,False,5,0,4,Twitter for iPhone,5,N1
chhabrariya77,3,4,3,4,1,False,9,2,0,Twitter for Android,6,N1
Jagmeet1900,0,3,0,1,1,False,9,4,4,Twitter for Android,7,N1
sgroversayswhat,3,2,1,1,1,False,3,2,6,Twitter for Android,4,N1
India_Bloopers,1,3,2,2,0,False,6,3,0,TweetDeck,4,N1
Rafik20982299,1,1,0,0,2,False,4,1,5,Twitter for Android,5,N1
cmaitra,0,0,0,3,0,False,0,0,0,Facebook,5,N1
9Galube,2,3,1,2,1,False,9,1,5,TweetDeck,5,N1
ghanendra,3,1,2,2,3,False,8,1,3,Twitter for Android,4,N1
rinkumonga59,3,2,2,3,4,False,3,4,0,Twitter for Android,6,N1
pns_123,2,3,3,3,3,False,3,3,0,Twitter Web Client,4,N1
ReuvenP,1,0,1,0,2,False,8,0,4,Twitter for Android,5,N1
jitende09815920,2,4,3,3,4,False,9,3,0,Twitter for iPhone,4,N1
pawankaur57,0,1,0,1,0,False,9,4,3,Twitter for Android,6,N1
DrKSVarma,1,2,0,1,1,False,1,0,6,Twitter for Android,5,N1
TAKATAKindia,0,1,2,1,2,False,5,2,0,Twitter Web Client,4,N1
anurag_goyal_1,1,0,0,0,0,False,2,2,4,Twitter for Android,5,N1
kgaurav707,3,3,1,2,0,False,0,0,0,Disaster for Android,5,N1
joshiheer1,2,4,2,2,1,False,9,1,5,TweetDeck,4,N1
suhani84,3,2,3,2,3,False,2,1,5,Twitter for Android,4,N1
sushma17990845,3,4,1,3,2,False,9,4,6,Twitter for Android,6,N1
SirTrafalgarLaw,2,1,2,3,3,False,3,3,0,Twitter Web Client,5,N1
JPMTR,1,0,0,0,1,False,8,3,0,Twitter for iPhone,4,N1
VijayMi35538594,2,3,3,2,4,False,5,2,4,Twitter for Android,5,N1
HoneyPabla7,0,1,0,1,0,False,4,4,0,Twitter for Android,7,N1
Akshay55114995,0,0,0,0,1,False,0,0,5,Twitter for Android,6,N1
Gurvinder41777,2,2,2,4,2,False,8,4,3,Twitter for Android,5,N1
skrocks4u,0,1,0,1,3,False,1,2,4,Twitter for Android,4,N1
garvilumathur,1,3,1,2,0,False,6,4,0,Twitter for iPhone,5,N1
aaprajesh10,2,4,2,2,2,False,9,1,5,TweetDeck,4,N1
MJ_Thoughts007,2,0,3,3,1,False,0,0,0,IFTTT,5,N1
AlkaBuha,3,4,1,2,2,False,9,1,0,TweetDeck,4,N1
TNBJPITCELL,3,2,1,0,0,False,3,3,6,Twitter for Android,5,N1
sabithasan,3,4,2,3,3,False,8,2,0,Twitter for iPhone,4,N1
sameermanc,1,2,3,2,1,False,3,2,0,Twitter Web Client,5,N1
KomalThareja,0,1,0,1,0,False,9,3,4,Twitter for Android,6,N1
villy_taj,0,0,0,0,1,False,2,0,0,Twitter Web Client,4,N1
InsaaShilpy,2,3,2,3,0,False,9,4,3,Twitter for Android,6,N1
MUmekar,1,2,0,1,3,False,1,1,4,Twitter for Android,4,N1
PreetWarech,0,1,0,1,0,False,4,4,5,Twitter for Android,5,N1
loinprem,2,3,1,2,4,False,5,3,6,Twitter for Android,4,N1
Dr_AnilPatel,2,4,2,3,2,False,9,1,5,TweetDeck,5,N1
Subhank25219819,1,2,3,2,2,False,7,4,0,Twitter for iPhone,5,N1
vivekk92,1,0,1,0,1,False,6,0,5,Twitter for Android,5,N1
GujaratKiAwaaz,3,4,2,3,3,False,9,2,0,TweetDeck,4,N1
advosiddhu,3,3,2,2,1,False,8,1,0,Twitter for iPhone,5,N1
sanjayj172,2,2,1,1,4,False,3,3,0,Twitter for Android,6,N1
confusecode,0,0,0,0,1,False,2,0,0,Facebook,5,N1
Sukhdarshan77,3,3,0,2,0,False,9,4,0,Twitter Web Client,7,N1
vinod_56,1,1,0,1,3,False,0,0,4,Twitter for Android,4,N1
gagan_gaur,0,1,0,0,2,False,5,2,4,Twitter for Android,4,N1
ranjit8144,1,1,1,1,0,False,2,4,3,Twitter for Android,4,N1
17Panchal,2,4,3,3,2,False,9,1,0,17Panchal,5,N1
rajeshpatel1278,3,2,2,2,2,False,4,3,3,Twitter for Android,5,N1
AbhilashSinghs2,2,0,1,1,2,False,6,3,5,Twitter for Android,5,N1
Afzza_00,3,4,3,3,3,False,4,2,4,Twitter for Android,4,N1
81_jignesh,2,3,2,2,1,False,8,2,0,TweetDeck,4,N1
papabetiparvati,1,2,1,2,0,False,9,4,6,Twitter for Android,6,N1
KrishanKArora1,0,0,0,0,1,False,0,0,0,Twitter for iPhone,5,N1
samanta_om,2,3,2,2,4,False,1,4,0,Twitter Web Client,5,N1
harmesgmail,0,0,0,0,0,False,7,3,0,Twitter for Android,7,N1
DigitgurusE,0,1,0,0,3,False,6,0,6,Twitter for Android,4,N1
ramsut07,1,2,1,1,0,False,2,4,4,Twitter for Android,4,N1
PreetRupani,3,4,2,3,2,False,9,1,0,TweetDeck,4,N1
amiteshdubey,3,3,3,3,1,False,8,1,5,Twitter for Android,5,N1
VijaySinghBais2,2,2,1,1,2,False,4,1,3,Twitter for Android,5,N1
Aadil_Ikram,2,1,2,1,3,False,4,2,0,Twitter for iPhone,5,N1
VKGanatra,2,3,2,2,1,False,9,3,4,TweetDeck,4,N1
sandymaan51,1,2,2,3,0,False,9,4,3,Twitter for Android,6,N1
amvani,1,0,0,2,0,False,0,0,0,Facebook,5,N1
thakkar2020,2,1,1,0,2,False,3,0,0,Twitter for iPhone,4,N1
Arjun_garva,0,0,0,0,0,False,5,4,0,Twitter for Android,6,N1
arfat_niyazi,3,3,1,2,3,False,1,3,5,Twitter for Android,5,N1
Omparka49041603,0,1,0,1,0,False,7,4,0,Twitter for Android,7,N1
SamWit_Wicky,3,4,3,4,2,False,6,3,0,Twitter for Android,4,N1
i_marwadi,3,3,2,3,1,False,9,1,6,Twitter for Android,4,N1
rajasimha123,1,2,1,1,2,False,0,1,5,Twitter for Android,5,N1
grabsiva,2,4,2,3,3,False,7,2,0,Twitter for iPhone,5,N1
ModiNikul5,2,3,2,2,1,False,4,2,0,TweetDeck,4,N1
Shikhadudeja1,2,2,0,3,2,False,9,4,3,Twitter for Android,6,N1
BudgetGenie,0,0,2,2,0,False,4,0,0,dlvr.it,5,N1
anupam_anjaan,1,1,0,0,2,False,2,0,4,Twitter for Android,5,N1
surekha7722,1,0,2,3,0,False,8,4,0,Twitter Web Client,4,N1
raviswmbjym,3,3,1,1,3,False,3,1,6,Twitter for Android,5,N1
BalwinderMainn,0,1,0,0,0,False,5,4,0,Twitter for Android,6,N1
avanish_231,3,4,3,4,4,False,9,3,0,Twitter for Android,4,N1
PatparganjINC,2,2,0,1,1,False,1,3,5,Twitter for Android,4,N1
p_jaikumar,1,0,1,2,3,False,0,0,3,Twitter for Android,5,N1
jitpatidar43,2,4,2,3,2,False,9,2,0,jitpatidar43,4,N1
JyotiSNK,1,3,2,2,1,False,7,2,0,Twitter Web Client,5,N1
Jasveer71718596,0,3,1,2,2,False,9,4,3,Twitter for Android,6,N1
debinayak,2,1,3,0,1,False,6,2,4,Twitter for Android,5,N1
MDNJVD,1,2,0,2,2,False,1,0,0,Facebook,5,N1
firstmukesh,3,4,2,3,2,False,2,4,0,Twitter for iPhone,4,N1
vaishali_6,1,0,0,0,0,False,8,1,6,Twitter for Android,5,N1
PB03Gagan,0,1,2,1,0,False,5,1,0,Twitter for Android,6,N1
dheeresh_pt,3,2,3,3,4,False,6,3,0,Twitter for Android,4,N1
BolRaghu,0,1,0,1,1,False,0,0,5,Twitter for Android,4,N1
20prince,2,3,1,1,3,False,2,3,4,Twitter for Android,5,N1
kelashsha1,2,4,2,3,2,False,9,2,0,TweetDeck,4,N1
RitikaaaaDas,2,2,1,2,3,False,3,1,0,Twitter Web Client,5,N1
JagdeepInsan3,3,3,3,4,0,False,9,4,0,Twitter for Android,6,N1
NK17182,0,0,0,0,1,False,1,0,3,Twitter for Android,5,N1
Bhaskarsri,1,2,1,2,2,False,8,3,0,Twitter for iPhone,5,N1
AnalChudasma,3,4,2,2,2,False,9,2,0,TweetDeck,4,N1
anukool93,1,0,0,0,1,False,1,2,4,Twitter for Android,5,N1
Glorious_Bharat,1,1,0,0,0,False,3,1,6,Twitter for Android,5,N1
Quadirkhan1,2,3,2,3,3,False,5,4,0,Twitter for Android,6,N1
kishorebabuboy1,0,1,0,0,1,False,0,0,5,Twitter for Android,4,N1
vishalkaivalya,3,2,2,1,3,False,2,3,4,Twitter for Android,5,N1
zaafir4u,2,3,2,1,2,False,6,2,6,Twitter for Android,4,N1
Zaveri_Dev,2,4,1,2,2,False,9,1,0,TweetDeck,4,N1
Neha77771,2,3,1,3,0,False,8,4,0,Twitter for Android,7,N1
suhas_sakarkar,0,0,0,0,0,False,4,0,0,Twitter Web Client,5,N1
Ats72k,1,2,0,1,1,False,8,4,0,Twitter for iPhone,5,N1
SonamIsHere,3,4,2,2,2,False,3,3,0,TweetDeck,4,N1
deepchand77,3,3,3,4,0,False,9,2,0,Twitter for Android,6,N1
GeologyIndia,1,0,1,0,0,False,1,3,4,Twitter for Android,5,N1
narutokyuubi22,2,2,2,2,1,False,6,1,3,Twitter for Android,5,N1
jittu_bhati,0,1,0,0,3,False,0,0,0,Twitter for Android,6,N1
Maratha_Nashik,1,3,0,1,1,False,2,4,5,Twitter for Android,4,N1
Usama_Forever,3,2,2,3,2,False,6,2,3,Twitter for Android,5,N1
DeviKshah6556,2,4,2,2,2,False,9,1,0,TweetDeck,4,N1
aap_rahul,2,3,1,2,3,False,5,2,6,Twitter for Android,5,N1
mknehra47,0,0,0,0,0,False,0,0,0,Twitter Web Client,5,N1
radhi45451,1,2,0,1,1,False,4,1,4,Twitter for Android,4,N1
Patel_Rajesh207,2,4,2,2,2,False,9,3,0,TweetDeck,4,N1
bspassanha,3,3,3,3,4,False,8,3,0,Twitter for Android,4,N1
MojiBadlani,1,1,1,3,0,False,9,4,0,Twitter for Android,7,N1
AJAY_AG22,0,0,0,0,0,False,4,3,4,Twitter for Android,5,N1
shrikantswamy,3,2,1,1,3,False,0,0,5,Twitter for Android,5,N1
AshwiniBhong,0,0,0,0,1,False,2,1,0,Twitter for Android,6,N1
MadhupGarg,1,1,2,1,2,False,3,2,4,Twitter for Android,4,N1
GavinAhuja007,2,2,2,2,3,False,2,4,0,Twitter for iPhone,5,N1
jsb2402,2,3,2,2,3,False,7,2,0,Twitter for iPhone,5,N1
BHARATKANANI,0,0,0,0,0,False,0,0,0,Twitter Web Client,5,N1
love_khajuria,1,3,0,1,1,False,7,1,6,Twitter for Android,5,N1
J4Jayshree,3,4,2,2,2,False,9,1,0,TweetDeck,4,N1
SunitaWilson72,2,4,3,3,2,False,9,3,0,Twitter for Android,3,N1
lazybsingh,1,3,1,3,0,False,0,0,3,Twitter for Android,4,N1
hasimbhai,0,1,0,0,2,False,8,3,4,Twitter for Android,4,N1
rphvikasgupta,3,4,1,3,4,False,9,4,0,Twitter for Android,6,N1
Niravhp26,0,0,0,0,1,False,5,1,5,Twitter for Android,5,N1
izotope86,2,1,2,1,3,False,3,4,4,Twitter for Android,4,N1
BeingARSHIYA07,1,2,2,2,1,False,4,1,0,Twitter Web Client,5,N1
Bharath14Bharu,2,3,2,1,3,False,2,3,0,Twitter for iPhone,5,N1
gsarwankar9,0,0,0,0,0,False,0,0,0,Twitter Web Client,5,N1
Youth4Lekhi,3,2,2,2,2,False,6,2,6,Twitter for Android,5,N1
rebelchawla,1,3,1,2,1,False,9,1,0,TweetDeck,4,N1
Fabio774848466,2,2,3,4,1,False,9,4,0,Twitter for Android,6,N1
MumbaiAmchi,1,4,3,3,2,False,7,2,0,Twitter for Android,4,N1
saraswat_anju,0,1,0,0,0,False,0,0,4,Twitter for Android,4,N1
lukesh77777,3,3,1,3,0,False,9,2,0,Twitter for Android,7,N1
snrlavnish,0,0,0,0,2,False,6,3,3,Twitter for Android,5,N1
ArvindPasi,2,1,2,1,3,False,7,4,4,Twitter for Android,5,N1
GoelAchin,3,2,2,2,3,False,8,1,5,Twitter for Android,4,N1
npsshetty,2,3,2,3,1,False,8,3,0,Twitter Web Client,5,N1
snehalsharmaa,2,0,0,2,3,False,0,0,0,Facebook,5,N1
iAnujPrajapati,1,1,1,1,2,False,2,4,4,Twitter for Android,5,N1
AAPfor2019,1,3,2,2,1,False,9,1,0,TweetDeck,4,N1
ndm10786,2,2,0,1,4,False,5,4,0,Twitter for Android,6,N1
mrunal_das,3,4,2,2,2,False,9,2,0,TweetDeck,4,N1
soumyRR,0,0,0,0,0,False,0,0,4,Twitter for Android,4,N1
faqir_chand19,1,4,1,3,0,False,4,4,0,Twitter for Android,6,N1
nik_manch,1,1,0,0,0,False,1,3,3,Twitter for Android,5,N1
kvish49,0,3,1,1,1,False,6,2,0,Twitter for Android,6,N1
aapkarauf,3,2,2,2,3,False,9,0,6,Twitter for Android,5,N1
techno_gujju,3,3,2,3,2,False,4,3,5,Twitter for Android,5,N1
seoniranjan,2,0,0,2,3,False,0,0,0,Facebook,5,N1
IndiaFirst082,2,2,1,2,2,False,3,1,0,Twitter Web Client,5,N1
ranjitsirvashi,2,4,3,4,1,False,8,2,0,Twitter for Android,4,N1
aroycrony,1,2,0,1,1,False,2,4,0,Twitter for Android,7,N1
Varsharmaa,3,4,2,2,2,False,9,1,0,TweetDeck,4,N1
Eranupam20,0,1,0,0,0,False,3,0,4,Twitter for Android,5,N1
itsLaeq,1,3,0,1,0,False,1,4,4,Twitter for Android,4,N1
tikaram00004,0,1,1,0,0,False,6,1,0,Twitter for Android,6,N1
IronHeet,1,3,1,2,1,False,9,3,0,TweetDeck,4,N1
ChanakyaNiti1,3,2,2,3,0,False,8,2,3,Twitter for Android,5,N1
mdisrafil095,3,3,2,3,2,False,7,3,4,Twitter for Android,5,N1
brijeshbhatt212,0,0,0,0,1,False,4,0,5,Twitter for Android,5,N1
_vrns,1,3,2,2,3,False,2,0,0,Twitter Web Client,5,N1
anandyadavinsa1,2,4,1,4,3,False,9,3,0,Twitter for Android,6,N1
verma_parvati,2,2,0,1,0,False,6,4,0,Twitter for Android,7,N1
RamBabuBihar,3,4,2,2,2,False,9,1,0,TweetDeck,4,N1
chakravarthybjp,2,1,0,0,1,False,4,1,6,Twitter for Android,5,N1
KanNaveen,1,0,1,1,3,False,3,4,0,Twitter for Android,4,N1
Brahaamos,0,1,0,0,0,False,0,0,3,Twitter for Android,5,N1
gullaapka,1,3,2,2,1,False,9,2,0,TweetDeck,4,N1
pratikwasnik,3,2,3,3,4,False,5,2,0,Twitter for Android,5,N1
aleemudasir,2,3,2,3,2,False,4,4,4,Twitter for Android,4,N1
yadunathsingh20,0,0,0,0,0,False,0,0,5,Twitter for Android,5,N1
MrsGundhi,0,3,2,2,0,False,2,3,0,TweetDeck,4,N1
BamelSwarn,1,3,1,2,3,False,1,1,4,Twitter for Android,5,N1
BhatPannaga,0,2,1,1,0,False,2,3,0,Twitter for Android,6,N1
SumitParminder,2,4,2,3,2,False,9,2,0,72_sprache,5,N1
ec7630fb48794c5,2,1,0,0,3,False,4,3,6,Twitter for Android,5,N1
beingriazshq,3,4,3,4,2,False,2,4,0,Twitter for Android,4,N1
nitin_popli,1,1,0,0,2,False,8,0,0,Twitter for Android,7,N1
aayushidesai3,2,4,2,2,1,False,9,1,0,TweetDeck,4,N1
KabirGaba1,0,0,0,1,0,False,6,4,3,Twitter for Android,5,N1
krishanrogla,1,2,1,3,1,False,7,4,0,Twitter for Android,6,N1
aniljha9901,0,0,0,0,1,False,0,0,4,Twitter for Android,5,N1
INC_Avengers,1,3,2,2,0,False,6,3,0,TweetDeck,4,N1
lionheart1288,3,3,2,2,4,False,6,1,4,Twitter for Android,5,N1
dibyaranjan_me,2,2,2,1,3,False,8,2,5,Twitter for Android,5,N1
jagadish_f7,2,4,2,3,2,False,9,2,0,57_jagadish,5,N1
amitat775,1,1,0,0,3,False,4,3,4,Twitter for Android,5,N1
JaganJindal,3,3,3,4,2,False,9,1,0,Twitter for Android,6,N1
I_Am_AnasKhan,3,2,1,1,4,False,2,2,0,Twitter for Android,4,N1
neel_aap,2,4,2,2,1,False,9,3,0,TweetDeck,4,N1
Santosh24405679,0,0,0,0,0,False,0,0,0,Twitter for Android,7,N1
lkbneetu,1,1,0,3,0,False,5,4,0,Twitter for Android,6,N1
dwipalbose,2,0,1,1,1,False,0,0,4,Twitter for Android,5,N1
DeMODItisation,1,3,2,2,0,False,2,3,0,TweetDeck,4,N1
RahmaniAaquib,2,2,2,2,2,False,3,4,3,Twitter for Android,5,N1
avisu1314,0,0,0,0,0,False,0,1,5,Twitter for Android,5,N1
pancharia98250,2,3,2,2,3,False,6,2,5,Twitter for Android,4,N1
jin_kaiser,1,1,0,0,2,False,3,2,4,Twitter for Android,5,N1
akhileshankhwar,3,4,3,4,3,False,9,1,0,Twitter for Android,4,N1
imronyveer,1,2,1,1,1,False,4,4,0,Twitter for Android,6,N1
AhirChaarvi,3,4,2,2,2,False,9,2,0,TweetDeck,4,N1
GaraiSupriyo,0,0,0,0,0,False,4,3,0,Twitter for Android,7,N1
AmrikInsan1,2,3,1,3,1,False,8,4,0,Twitter for Android,7,N1
BJP4Kota,2,1,0,1,0,False,4,0,6,Twitter for Android,5,N1
DesaiNrupa,1,3,2,2,1,False,9,3,0,TweetDeck,4,N1
acharyaprakash,3,2,3,3,4,False,2,4,0,Twitter for Android,5,N1
Chandra06005540,0,0,0,0,0,False,0,0,4,Twitter for Android,5,N1
JitendraPattna7,2,4,2,2,3,False,6,1,5,Twitter for Android,5,N1
prasannajMT,1,1,0,0,2,False,0,0,5,Twitter for Android,5,N1
AviraBhuva,3,4,2,2,2,False,9,2,0,TweetDeck,4,N1
guptamukesh196,2,2,0,1,3,False,1,1,4,Twitter for Android,5,N1
kakakichai,1,3,2,2,1,False,9,2,0,TweetDeck,4,N1
Preet70335807,0,0,0,1,0,False,7,3,0,Twitter for Android,6,N1
Gurmeet63880094,2,3,1,3,2,False,5,4,0,Twitter for Android,6,N1
Kaunra,2,4,3,4,0,False,4,3,0,Twitter for Android,4,N1
SarojInsa41,1,1,1,2,1,False,3,3,0,Twitter for Android,6,N1
muktabh,3,3,4,3,3,False,2,1,0,Twitter for Android,4,N1
parkashj05,0,1,0,0,2,False,0,0,4,Twitter for Android,5,N1
Apoorvagoel71,1,2,1,3,0,False,9,4,4,Twitter for Android,5,N1
PassiveVoice2,1,4,2,2,1,False,0,1,0,Twitter Web Client,5,N1
MriduGor,3,4,2,2,2,False,9,2,0,TweetDeck,4,N1
AfzaalMukhiyaji,0,2,0,1,2,False,6,2,4,Twitter for Android,5,N1
vasupapa,2,1,1,0,1,False,9,0,5,Twitter for Android,5,N1
Vivson5,0,0,0,0,0,False,7,4,0,Twitter for Android,6,N1
kbk2712,2,3,2,2,2,False,4,3,0,Twitter for iPhone,5,N1
Salah4u,2,3,3,4,3,False,4,2,0,Twitter for Android,4,N1
insa_vinodkumar,1,1,0,1,0,False,6,3,0,Twitter for Android,6,N1
RufiNighat,2,4,4,3,1,False,5,1,0,Twitter for Android,4,N1
Sahilkh39377786,0,0,0,0,0,False,0,0,0,Twitter for Android,7,N1
i_am_divyanshu,3,3,2,2,3,False,5,4,4,Twitter for Android,5,N1
umeshAAPmh,1,3,2,2,1,False,9,3,0,TweetDeck,4,N1
Roshnipatra_,3,4,2,2,2,False,9,1,0,TweetDeck,4,N1
BALLUBALODA,2,2,2,3,3,False,0,2,4,Twitter for Android,5,N1
SAMANDER_BJP,1,1,0,0,2,False,4,1,5,Twitter for Android,5,N1
Surjeet855,0,0,1,1,0,False,9,4,0,Twitter for Android,6,N1
Rk_wasim,2,2,0,2,2,False,3,3,6,Twitter for Android,5,N1
TaherMdSaheb,3,3,3,3,3,False,7,2,0,Twitter for Android,4,N1
Girish41273416,0,1,0,1,0,False,6,3,0,Twitter for Android,6,N1
drmalikkalam,2,4,3,3,1,False,2,2,0,Twitter for Android,4,N1
Ramesh_Singh7,0,0,0,0,0,False,8,0,0,Twitter for Android,6,N1
pkinsan2016,2,3,1,3,0,False,6,4,4,Twitter for Android,5,N1
HaleyShroff,1,3,2,2,1,False,9,3,0,TweetDeck,5,N1
aarti06,3,4,2,2,2,False,9,2,0,TweetDeck,4,N1
tridibEARTH,2,2,2,2,3,False,5,3,5,Twitter for Android,5,N1
Expert_Rajesh,1,1,0,0,2,False,4,1,5,Twitter for Android,5,N1
malaykmandal,1,0,1,0,1,False,4,4,0,Twitter for Android,6,N1
BJP4KANYAKUMARI,2,2,0,1,0,False,5,1,4,Twitter for Android,5,N1
modirajme,3,3,3,3,3,False,7,2,0,Twitter for Android,4,N1
ArvinderArora2,0,1,0,1,0,False,9,4,0,Twitter for Android,7,N1
mrdavistony,2,4,3,4,2,False,1,1,0,Twitter for Android,4,N1
MANDALAPUPRASA2,0,0,0,0,1,False,0,0,0,Twitter for Android,6,N1
JagatSinghNegi4,2,1,2,3,0,False,0,0,5,Twitter for Android,5,N1
kantiAAP,1,3,1,2,1,False,9,2,0,TweetDeck,5,N1
Shah_Kanika99,3,4,2,2,2,False,9,3,0,TweetDeck,5,N1
Kanishk94486037,2,3,2,2,3,False,0,3,4,Twitter for Android,4,N1
coolvicky86,1,1,0,0,2,False,2,1,4,Twitter for Android,5,N1
AmitArctech,0,0,2,1,1,False,5,4,0,Twitter for Android,6,N1
sparsh92920074,3,2,0,2,0,False,9,4,4,Twitter for Android,6,N1
sunkarn,1,2,1,1,3,False,8,2,0,Twitter for Android,4,N1
BJP4ERODE,2,1,0,0,0,False,7,1,6,Twitter for Android,5,N1
MayawatiUp,4,4,3,3,2,False,9,1,0,Twitter for Android,4,N1
Dheerj8,0,0,0,1,0,False,4,4,0,Twitter for Android,6,N1
ramshiv6,2,4,3,3,4,False,6,3,0,Twitter for Android,5,N1
Manika_Ninja,1,3,1,2,1,False,9,2,0,TweetDeck,5,N1
rambabu_14,2,4,2,2,2,False,8,2,0,TweetDeck,5,N1
Harshji23,2,3,2,2,1,False,9,3,0,TweetDeck,4,N1
sanjeeva3311,0,1,0,0,1,False,0,1,4,Twitter for Android,5,N1
tahmidoha,1,3,2,2,3,False,3,4,0,Twitter for Android,7,N1
manisharma9645,3,4,2,4,0,False,9,0,4,Twitter for Android,5,N1
Jeyshankark,1,1,1,1,3,False,6,2,0,Twitter for Android,4,N1
loganathan_bjp,1,1,0,0,0,False,5,1,4,Twitter for Android,5,N1
Pro_India,3,3,3,3,2,False,7,2,0,Twitter for Android,4,N1
RamuRoyal4,0,0,0,0,0,False,4,4,0,Twitter for Android,6,N1
ajeetbidhuri,2,2,0,1,2,False,3,3,4,Twitter for Android,5,N1
103_zimmy,2,3,1,2,1,False,9,1,0,TweetDeck,4,N1
Fahad74166074,2,4,2,3,4,False,2,3,0,Twitter for Android,6,N1
aapmanish100,2,4,2,2,1,False,9,2,0,TweetDeck,4,N1
JevinUmretiya,0,0,0,0,0,False,0,0,0,Twitter for Android,5,N1
ManasPratim10,1,3,2,2,2,False,4,4,4,Twitter for Android,5,N1
navikaarao,3,4,2,2,2,False,9,1,0,TweetDeck,5,N1
SudipKumar26,1,1,1,1,3,False,7,2,0,Twitter for Android,4,N1
varhad_,1,2,4,1,1,False,6,4,0,Twitter for Android,5,N1
gmail_mittal,2,3,3,3,3,False,9,2,0,Twitter for Android,3,N1
MaheshK19700994,0,1,0,0,0,False,8,4,0,Twitter for Android,6,N1
rupindersingh_3,0,0,0,1,0,False,5,1,0,Twitter for Android,6,N1
numanshaikh786,2,3,1,2,2,False,6,1,4,Twitter for Android,5,N1
ak_iharsh,3,4,3,3,1,False,3,3,0,Twitter for Android,5,N1
hardikmaliya1,2,3,2,2,1,False,9,3,0,TweetDeck,4,N1
ZAFARAL40840517,0,0,0,0,0,False,0,0,0,Twitter for Android,4,N1
Subbannak,2,2,2,2,2,False,8,2,4,Twitter for Android,5,N1
Dave_Vinita,3,4,2,2,2,False,9,1,0,TweetDeck,5,N1
khan_zafar99,1,0,2,2,1,False,9,2,5,Twitter for Android,4,N1
sonusaan1,1,2,1,1,3,False,5,4,0,Twitter for Android,5,N1
ManngoMan1,3,1,1,3,4,False,4,2,0,Twitter for Android,5,N1
MeenuKalra5,0,1,0,0,0,False,8,4,0,Twitter for Android,6,N1
azhar_NRS,0,1,0,1,0,False,6,4,0,Twitter for Android,6,N1
InsanGurbhej,2,3,1,4,2,False,9,3,0,Twitter for Android,7,N1
DalipGautam2,2,4,3,3,1,False,3,1,0,Twitter for Android,4,N1
NamoMad,1,3,2,2,1,False,9,1,0,TweetDeck,5,N1
jagdishgeb,0,0,0,0,0,False,0,0,0,Twitter for Android,4,N1
RamaSevak,2,3,0,2,1,False,0,2,6,Twitter for Android,5,N1
Daksha_Amin,3,4,2,2,2,False,9,1,0,TweetDeck,5,N1
jigarwaale,1,3,2,2,2,False,9,2,0,TweetDeck,4,N1
pal_divya,1,2,3,1,3,False,4,1,0,Twitter for Android,4,N1
sona_insan,2,1,1,3,1,False,9,4,4,Twitter for Android,5,N1
Sarojin24765410,0,0,0,0,0,False,6,4,0,Twitter for Android,6,N1
Anshdee25661263,0,1,0,1,0,False,5,4,0,Twitter for Android,6,N1
neerajsharms,2,2,1,1,4,False,2,3,0,Twitter for Android,5,N1
rkUntold,2,1,3,3,2,False,8,3,0,Twitter for Android,4,N1
AaditaDoshi,3,4,2,2,2,False,9,1,0,TweetDeck,5,N1
AbdheshChaudha5,0,0,0,0,0,False,1,3,0,Twitter for Android,4,N1
agarwalsachinsk,2,3,4,3,3,False,3,2,0,Twitter for Android,5,N1
umeshAAPpune,1,3,2,2,1,False,9,2,0,TweetDeck,5,N1
MaliVihaar,3,4,2,2,2,False,9,1,0,TweetDeck,5,N1
SaiyedJuned,1,2,1,2,3,False,6,2,0,Twitter for Android,4,N1
InsaParm,2,2,2,3,0,False,9,4,4,Twitter for Android,5,N1
Rakeshnagpal031,0,0,0,1,1,False,9,4,0,Twitter for Android,7,N1
KrishanDevS7,0,1,0,1,0,False,5,4,0,Twitter for Android,6,N1
YuvarajBJP,1,2,1,0,1,False,3,0,0,Twitter for Android,5,N1
lalithseetharam,2,3,3,3,2,False,5,4,0,Twitter for Android,6,N1
rohitvijay95,2,4,2,2,2,False,9,1,0,TweetDeck,4,N1
abidalisidd,0,1,0,0,0,False,5,3,0,Twitter for Android,4,N1
Mass_Comm_Media,3,3,4,2,4,False,8,2,0,Twitter for Android,5,N1
nirajoec,1,1,1,1,3,False,0,3,0,Twitter for Android,5,N1
susantakumari,3,4,2,2,2,False,9,1,0,TweetDeck,5,N1
yogesverma85gma,3,3,2,3,4,False,6,2,0,Twitter for Android,4,N1
supermanheute,2,4,2,3,1,False,9,3,0,TweetDeck,5,N1
GURLALSinghIns5,0,0,0,1,1,False,9,4,0,Twitter for Android,7,N1
Giri18436734,0,1,0,1,0,False,4,2,0,Twitter for Android,6,N1
HarwinderInsa2,1,2,1,2,2,False,4,1,0,Twitter for Android,6,N1
MukundJindal,2,3,3,3,3,False,6,4,0,Twitter for Android,4,N1
SurinderInshan,2,3,2,4,0,False,9,0,0,Twitter for Android,8,N1
jay_maa_bharti,0,0,0,0,0,False,6,4,0,Twitter for Android,4,N1
RishiChoudhary,1,2,1,2,1,False,8,3,0,Twitter for Android,4,N1
WadoodM,1,1,1,1,2,False,0,3,0,Twitter for Android,5,N1
PriyankaRajdaan,3,4,2,2,2,False,9,2,0,TweetDeck,5,N1
malinirs,3,3,3,3,3,False,7,4,0,Twitter for Android,5,N1
VristiB,2,4,2,2,2,False,9,1,0,TweetDeck,4,N1
SiddiquiTayiab,0,1,0,0,1,False,1,3,0,Twitter for Android,5,N1
Parveen09390186,0,1,0,1,0,False,4,2,0,Twitter for Android,6,N1
baggabhuller,1,2,0,2,4,False,3,1,0,Twitter for Android,5,N1
keshavinsa4,3,3,1,3,1,False,9,2,0,Twitter for Android,7,N1
princekohli25,2,3,2,4,0,False,9,1,0,Twitter for Android,7,N1
MajidMalim,0,0,0,1,0,False,6,0,0,Twitter for Android,4,N1
Pardeep44577671,2,2,1,3,0,False,8,2,0,Twitter for Android,6,N1
vivekkmr20,1,3,1,2,3,False,0,4,0,Twitter for Android,4,N1
kirtisanon2,3,4,2,2,2,False,9,2,0,TweetDeck,5,N1
sudhir_musale,3,3,3,3,4,False,6,4,0,Twitter for Android,5,N1
JayeshJhoshi,2,4,2,2,2,False,9,1,0,TweetDeck,4,N1
masivara,1,1,0,0,1,False,4,3,0,Twitter for Android,5,N1
poonam782775,0,1,0,1,0,False,4,4,0,Twitter for Android,6,N1
sumantaghosh,1,2,1,1,1,False,3,3,0,Twitter for Android,5,N1
lalurohit1,2,4,2,2,2,False,9,2,0,TweetDeck,4,N1
deepshikhagupt5,0,0,0,0,0,False,7,1,0,Twitter for Android,5,N1
Savinder_insan,2,3,2,4,2,False,9,3,0,Twitter for Android,7,N1
maneja675,1,2,0,1,0,False,8,4,0,Twitter for Android,6,N1
kaarT00S,2,3,1,3,3,False,8,2,0,Twitter for Android,4,N1
qz_singh,3,4,3,4,3,False,9,2,0,Twitter for Android,4,N1
iranavikas,3,3,3,3,2,False,5,1,0,Twitter for Android,5,N1
5_pruthvi,2,3,2,2,1,False,9,2,0,TweetDeck,4,N1
prasadchittur,0,0,0,0,0,False,0,0,0,Twitter for Android,5,N1
ManmohanJi3,1,1,1,2,2,False,4,4,0,Twitter for Android,6,N1
001Radika,3,2,0,1,1,False,3,3,0,Twitter for Android,5,N1
kushumkuma,2,4,2,2,2,False,9,2,0,TweetDeck,4,N1
jaiodishanews,0,0,1,0,0,False,6,1,0,Twitter for Android,5,N1
deshbhaktt,1,1,0,1,2,False,7,1,0,Twitter for Android,6,N1
sunita1872339,0,2,0,1,0,False,9,4,0,Twitter for Android,7,N1
Ansari8umar,2,4,2,3,1,False,8,4,0,Twitter for Android,4,N1
iadchauhan,1,1,1,2,3,False,6,3,0,Twitter for Android,4,N1
FemidaFPathan1,3,4,3,3,1,False,2,2,0,Twitter for Android,5,N1
KyadaSuryam,2,3,2,2,3,False,9,2,0,TweetDeck,5,N1
Pankajk38632530,0,0,0,0,0,False,4,0,0,Twitter for Android,5,N1
Being___Rehan,3,3,1,2,2,False,3,3,0,Twitter for Android,6,N1
Fight_For_India,2,4,3,4,2,False,1,4,0,Twitter for Android,5,N1
BomIndus,2,3,2,2,1,False,9,2,0,TweetDeck,4,N1
Malhargarh_INCC,3,2,1,1,0,False,6,1,0,Twitter for Android,4,N1
DudejaMini,0,0,0,0,2,False,9,4,0,Twitter for Android,7,N1
AmanBenipal9,0,1,0,1,0,False,7,0,0,Twitter for Android,5,N1
Harmansingh337,1,2,1,3,1,False,9,2,0,Twitter for Android,6,N1
optimisticawais,1,1,2,3,2,False,7,3,0,Twitter for Android,4,N1
Beingdaring1,3,4,2,3,3,False,2,4,0,Twitter for Android,5,N1
aapguarav,2,3,2,2,1,False,9,2,0,TweetDeck,4,N1
dreamstalker999,0,0,0,0,3,False,4,4,0,Twitter for Android,5,N1
anjana_777,3,3,1,2,1,False,5,3,0,Twitter for Android,6,N1
igmukesh,1,4,3,4,0,False,8,2,0,Twitter for Android,5,N1
i_JadejaBapu,2,4,2,2,2,False,9,1,0,TweetDeck,5,N1
RajivTwr,2,1,0,1,1,False,4,1,0,Twitter for Android,4,N1
PiyushInsan8,0,2,1,2,0,False,9,4,0,Twitter for Android,7,N1
karanin94739068,0,1,0,1,0,False,6,4,0,Twitter for Android,6,N1
gouravg49296128,1,0,1,1,2,False,5,2,0,Twitter for Android,5,N1
tbehlim,4,2,0,2,2,False,4,3,0,Twitter for Android,4,N1
RaviPan66463100,2,4,3,3,3,False,7,1,0,Twitter for Android,5,N1
vinodparekhmain,2,3,2,2,1,False,9,2,0,TweetDeck,4,N1
princegarg1234,3,3,2,3,3,False,9,4,0,Twitter for Android,6,N1
7b13965648ce438,0,0,0,0,0,False,1,3,0,Twitter for Android,5,N1
rikrishnakumar,3,3,2,2,4,False,3,2,0,Twitter for Android,4,N1
The_Sailor_Men,2,4,2,2,2,False,9,1,0,TweetDeck,5,N1
VarinderKaurIn1,1,1,0,0,1,False,9,2,0,Twitter for Android,7,N1
geetaarora53160,1,2,1,3,0,False,9,4,0,Twitter for Android,7,N1
vishali98120,0,1,0,2,0,False,6,4,0,Twitter for Android,6,N1
ybraghu,1,0,1,1,0,False,4,3,0,Twitter for Android,5,N1
ajaysailor76,2,4,3,4,2,False,2,2,0,Twitter for Android,5,N1
bajrangjoshi221,1,2,0,1,3,False,4,1,0,Twitter for Android,5,N1
10_rekha,2,3,2,2,1,False,9,2,0,TweetDeck,4,N1
chowdharyHC,3,3,2,2,3,False,8,3,0,Twitter for Android,4,N1
khan316210,0,0,0,0,1,False,0,4,0,Twitter for Android,5,N1
SalmanPlanet,3,2,2,3,2,False,4,2,0,Twitter for Android,6,N1
JariwalaSana,2,3,2,2,2,False,9,1,0,TweetDeck,5,N1
ChriPerSea,0,1,1,0,1,False,7,2,0,Twitter for Android,4,N1
TanniBadlani,1,1,0,3,0,False,9,4,0,Twitter for Android,7,N1
shardainsa_msg,0,0,0,2,0,False,5,4,0,Twitter for Android,6,N1
zafernaveed1,1,1,1,1,2,False,6,3,0,Twitter for Android,5,N1
jagdisHpatelJP,2,4,3,2,1,False,8,0,0,Twitter for Android,5,N1
SatishValaganth,2,2,1,1,3,False,2,2,0,Twitter for Android,5,N1
NaikSaransh,2,3,2,2,2,False,9,2,0,TweetDeck,4,N1
gauravg_goyal,3,3,2,3,3,False,4,3,0,Twitter for Android,5,N1
dildarsm1,0,0,0,1,0,False,3,2,0,Twitter for Android,4,N1
iamAbhishek021,3,4,3,3,2,False,6,4,0,Twitter for Android,5,N1
92_dhanji,2,3,2,2,1,False,9,1,0,TweetDeck,5,N1
AAPDelhi2020,0,2,1,0,1,False,9,1,0,Twitter for Android,4,N1
Brosisjodi,1,1,0,1,0,False,9,4,0,Twitter for Android,7,N1
MinniMiddha,0,1,0,2,0,False,7,4,0,Twitter for Android,6,N1
Santosh91012017,1,3,3,2,2,False,2,2,0,Twitter for Android,6,N1
ratedsrk,2,4,3,3,1,False,5,3,0,Twitter for Android,5,N1
wasimarui,1,2,1,2,3,False,6,3,0,Twitter for Android,5,N1
Dangerballu,2,4,2,2,2,False,9,2,0,TweetDeck,5,N1
ArunBapat2,0,0,0,1,0,False,8,2,0,Twitter for Android,4,N1
bonney_john,2,1,2,1,1,False,0,4,0,Twitter for Android,4,N1
akhtarSiddique_,3,2,2,3,2,False,3,3,0,Twitter for Android,5,N1
27_priyaanka,2,3,2,2,1,False,9,1,0,TweetDeck,5,N1
pranav467522,3,3,1,3,1,False,9,2,0,Twitter for Android,7,N1
RenuMehta18,0,0,0,0,0,False,6,4,0,Twitter for Android,5,N1
gdtrimcatia,0,1,0,2,0,False,4,4,0,Twitter for Android,6,N1
Raju2708786,1,4,1,3,2,False,9,2,0,Twitter for Android,6,N1
AMRITKUMAR121,2,3,3,4,3,False,9,1,0,Twitter for Android,5,N1
Sanghindian,1,1,1,1,0,False,4,3,0,Twitter for Android,5,N1
sawanpurohit,2,4,2,2,3,False,9,2,0,TweetDeck,5,N1
rajiv77771,3,3,0,2,0,False,8,4,0,Twitter for Android,7,N1
subhanr94876172,2,4,1,2,1,False,5,1,0,Twitter for Android,4,N1
AkashNawghare2,1,2,0,1,2,False,7,4,0,Twitter for Android,5,N1
Gulshan50942873,2,2,2,3,3,False,9,3,0,Twitter for Android,6,N1
RadarNishith,1,3,2,2,1,False,9,2,0,TweetDeck,5,N1
ganesharun58,0,0,0,0,2,False,6,2,0,Twitter for Android,5,N1
afsarsap,0,1,0,2,0,False,2,4,0,Twitter for Android,6,N1
BSP4Punjab,3,3,2,3,1,False,9,1,0,Twitter for Android,4,N1
pappujk78,0,3,1,1,2,False,1,3,0,Twitter for Android,5,N1
getasutosh,2,1,1,1,3,False,4,3,0,Twitter for Android,5,N1
lovely_Phaaji,1,4,3,3,2,False,9,2,0,Twitter for Android,4,N1
Salunke57582171,0,1,0,2,0,False,9,0,0,Twitter for Android,7,N1
joshiharshit2,2,4,2,2,1,False,9,2,0,TweetDeck,5,N1
Inayat301,2,2,1,2,4,False,7,1,0,Twitter for Android,5,N1
Nehaid1,1,3,0,2,0,False,8,4,0,Twitter for Android,6,N1
74Manjit,2,2,2,4,3,False,9,2,0,Twitter for Android,6,N1
Gsbrar87,0,0,0,0,1,False,6,2,0,Twitter for Android,5,N1
mohsin_Jamala,1,1,0,0,1,False,5,4,0,Twitter for Android,5,N1
BspUp2019,3,3,2,2,1,False,9,1,0,Twitter for Android,4,N1
Ranjeetkumarsh,0,1,1,1,2,False,1,4,0,Twitter for Android,5,N1
MusavvirD,2,4,1,1,2,False,2,3,0,Twitter for Android,5,N1
rajni77777,3,3,1,3,0,False,9,2,0,Twitter for Android,7,N1
Amanins09193964,0,1,0,2,0,False,6,1,0,Twitter for Android,6,N1
saheb210,2,4,2,2,2,False,9,2,0,TweetDeck,5,N1
Sumitonly4D,2,2,2,3,3,False,4,3,0,Twitter for Android,5,N1
Sanjiv_77777,1,3,1,2,1,False,8,2,0,Twitter for Android,4,N1
ramadvocate4,2,4,2,4,0,False,9,4,0,Twitter for Android,6,N1
Mitu55861552,0,0,0,0,0,False,2,2,0,Twitter for Android,5,N1
apunBoleToh,1,1,0,0,1,False,1,4,0,Twitter for Android,5,N1
sabirspf,1,3,2,2,1,False,9,3,0,Twitter for Android,4,N1
AAPGujarat2017,0,2,1,1,0,False,9,1,0,Twitter for Android,4,N1
RaghavendraMP,2,1,1,1,3,False,5,3,0,Twitter for Android,5,N1
ash216862,3,3,1,3,0,False,9,2,0,Twitter for Android,7,N1
spatni14,2,2,2,2,2,False,3,4,0,Twitter for Android,6,N1
NamitShah9,2,3,2,2,2,False,9,2,0,TweetDeck,5,N1
Salman_Shaikh9,0,1,0,1,1,False,1,1,0,Twitter for Android,5,N1
maddyb65,2,4,3,2,3,False,0,2,0,Twitter for Android,5,N1
ebeen_m,1,4,2,2,1,False,4,2,0,Twitter for Android,6,N1
agarwalmadanswm,0,1,0,0,0,False,2,1,0,Twitter for Android,5,N1
SharmaDss,1,3,1,3,1,False,9,4,0,Twitter for Android,7,N1
DilipMBhati1,2,1,0,0,3,False,6,3,0,Twitter for Android,5,N1
nagajagreen,1,0,2,1,2,False,9,2,0,Twitter for Android,4,N1
bs438882,0,2,0,1,0,False,9,4,0,Twitter for Android,6,N1
Surjit77777,2,3,1,3,0,False,9,4,0,Twitter for Android,7,N1
Deepak342010,1,2,1,2,2,False,3,3,0,Twitter for Android,5,N1
MukulKakadiya,2,3,2,2,2,False,9,2,0,TweetDeck,5,N1
Usha34367458,0,1,1,1,0,False,7,1,0,Twitter for Android,5,N1
gurupreets,3,2,2,3,1,False,8,2,0,Twitter for Android,5,N1
kamalalwaysrock,2,3,2,2,3,False,2,2,0,Twitter for Android,6,N1
utkarsh79,0,1,0,0,2,False,4,4,0,Twitter for Android,5,N1
ScorpionKasana,2,4,3,3,1,False,2,2,0,Twitter for Android,5,N1
preeiinsan,0,1,0,2,0,False,9,1,0,Twitter for Android,7,N1
Anirudhgoel2,2,1,2,2,3,False,6,2,0,Twitter for Android,4,N1
MamtaIn39812813,0,3,0,1,0,False,9,1,0,Twitter for Android,6,N1
PratyushMisra1,1,3,1,1,2,False,5,4,0,Twitter for Android,5,N1
ErSumanInsa,1,2,1,2,0,False,9,4,0,Twitter for Android,6,N1
devenddr42,2,3,2,2,1,False,9,2,0,TweetDeck,5,N1
sarojinsang7,2,4,2,3,1,False,7,3,0,Twitter for Android,5,N1
Ashokk3450,1,2,3,3,2,False,9,1,0,Twitter for Android,5,N1
SumitCh64857302,2,1,1,2,2,False,3,4,0,Twitter for Android,4,N1
dharmiMsg,0,0,0,1,0,False,4,2,0,Twitter for Android,5,N1
thamsmnpur,2,4,2,3,4,False,1,2,0,Twitter for Android,5,N1
SudedhSethi,0,1,0,0,0,False,9,2,0,Twitter for Android,7,N1
ArunSali1288,1,1,2,2,3,False,4,3,0,Twitter for Android,5,N1
Gursewa05853704,0,2,0,1,1,False,9,2,0,Twitter for Android,6,N1
c9feb8aefbaa42a,0,3,1,1,0,False,7,1,0,Twitter for Android,5,N1
A22SMG,2,3,0,3,3,False,9,4,0,Twitter for Android,6,N1
19Bharvad,2,3,2,2,1,False,9,2,0,TweetDeck,5,N1
Malvika19686148,3,4,2,2,2,False,4,3,0,Twitter for Android,5,N1
latoo_insan,2,2,1,3,3,False,2,4,0,Twitter for Android,5,N1
vanligmannn,2,2,3,3,2,False,9,2,0,Twitter for Android,4,N1
DVijaymane,0,1,1,0,1,False,7,4,0,Twitter for Android,5,N1
Ggaurav1122,4,4,2,2,2,False,6,2,0,Twitter for Android,5,N1
Vikramrajera,0,1,0,1,0,False,9,4,0,Twitter for Android,7,N1
Srishti17051748,1,3,1,2,0,False,4,3,0,Twitter for Android,5,N1
DaizyBhatnagar,1,1,0,2,1,False,9,4,0,Twitter for Android,6,N1
Labhsinghgmail,0,1,0,1,0,False,6,1,0,Twitter for Android,5,N1
SimarInsan16,2,3,1,4,1,False,9,2,0,Twitter for Android,6,N1
aappanchal,2,3,2,2,1,False,9,2,0,TweetDeck,5,N1
GURMEET57063875,0,4,2,3,0,False,3,1,0,Twitter for Android,5,N1
anuj_doniwal,2,4,0,2,3,False,8,3,0,Twitter for Android,5,N1
jangir_insan,2,2,2,4,0,False,9,2,0,Twitter for Android,6,N1
TahirMulla555,1,2,1,1,1,False,2,2,0,Twitter for Android,5,N1
aatif9096,2,4,1,3,2,False,8,4,0,Twitter for Android,5,N1
himansupalo,2,1,2,2,3,False,9,1,0,Twitter for Android,4,N1
amitniranjan05,0,0,0,2,0,False,7,1,0,Twitter for Android,5,N1
imukeshsolanki,1,1,1,0,2,False,9,4,0,Twitter for Android,5,N1
sonam52172706,0,1,0,1,0,False,9,4,0,Twitter for Android,6,N1
NandiniSci,1,3,1,1,1,False,3,2,0,Twitter for Android,5,N1
87_bansari,2,3,2,2,1,False,9,2,0,TweetDeck,5,N1
sunnyrana_007,0,2,0,2,0,False,6,3,0,Twitter for Android,5,N1
Patriot84032974,2,4,2,3,2,False,8,3,0,Twitter for Android,5,N1
GeetaInsan7,3,3,1,2,0,False,9,2,0,Twitter for Android,6,N1
keshava689,0,2,1,1,1,False,2,2,0,Twitter for Android,5,N1
wasim2126,2,3,2,3,3,False,7,1,0,Twitter for Android,5,N1
Naksharma,2,1,2,2,4,False,5,4,0,Twitter for Android,5,N1
Amanat34133009,0,0,0,2,0,False,9,2,0,Twitter for Android,6,N1
rohitg_mba,1,1,2,0,2,False,3,2,0,Twitter for Android,5,N1
anitainsa843210,2,3,0,3,0,False,9,4,0,Twitter for Android,6,N1
parkumar01,1,2,1,1,1,False,9,3,0,Twitter for Android,5,N1
arjunsinghelana,1,4,2,2,3,False,7,1,0,Twitter for Android,5,N1
DiljeetMann1,0,1,0,1,0,False,6,4,0,Twitter for Android,5,N1
MrRobot28,2,1,3,2,2,False,4,2,0,Twitter for Android,5,N1
jaurakuldeep,2,2,0,3,1,False,9,2,0,Twitter for Android,6,N1
bakbakvakil,3,1,1,2,1,False,1,2,0,Twitter for Android,5,N1
tejprakash40,1,3,2,2,2,False,8,3,0,Twitter for Android,5,N1
Manoranjan328,2,2,2,3,1,False,2,4,0,Twitter for Android,5,N1
rameshchopra84,0,1,0,2,0,False,9,1,0,Twitter for Android,6,N1
dannymit,1,3,2,2,2,False,9,2,0,Twitter for Android,4,N1
suchbehror,0,2,0,1,0,False,0,2,0,Twitter for Android,5,N1
smdra002,2,3,1,2,3,False,6,3,0,Twitter for Android,5,N1
Abhishek0413,1,2,2,2,3,False,3,4,0,Twitter for Android,5,N1
SuryaGoud14,0,1,0,0,0,False,2,2,0,Twitter for Android,5,N1
prabhakarbhatt9,2,1,2,3,1,False,7,3,0,Twitter for Android,5,N1
Pinkyin35017712,0,1,0,2,0,False,9,1,0,Twitter for Android,6,N1
1ee1c9c2d167487,2,2,1,3,2,False,9,4,0,Twitter for Android,5,N1
IncWith1,3,3,2,2,2,False,8,2,0,Twitter for Android,5,N1
kushals36692293,2,4,2,2,1,False,6,4,0,Twitter for Android,5,N1
Nilem20,0,1,0,2,0,False,9,1,0,Twitter for Android,6,N1
SayyedAhmedMeh1,1,3,1,2,1,False,3,2,0,Twitter for Android,5,N1
Raman47276475,0,2,0,1,0,False,9,3,0,Twitter for Android,5,N1
k_suresh1967,2,4,2,3,2,False,8,2,0,Twitter for Android,5,N1
manjunath_mcm,1,3,2,2,3,False,5,4,0,Twitter for Android,5,N1
ap4bjp,0,1,0,0,0,False,4,2,0,Twitter for Android,5,N1
jagtars1,2,2,2,4,2,False,9,1,0,Twitter for Android,5,N1
Preeti74699100,0,1,0,2,0,False,9,3,0,Twitter for Android,6,N1
ikhantweets,2,2,1,2,2,False,5,4,0,Twitter for Android,5,N1
KhirabdhiM,0,1,0,0,1,False,6,2,0,Twitter for Android,5,N1
MamoonAftab,2,4,2,3,0,False,1,2,0,Twitter for Android,5,N1
Rupinde68519546,0,1,0,2,0,False,9,1,0,Twitter for Android,6,N1
RituBajwa7,1,3,1,2,0,False,7,1,0,Twitter for Android,5,N1
manish41631184,0,3,0,1,1,False,9,4,0,Twitter for Android,5,N1
nayak85hpn,1,3,2,2,2,False,3,3,0,Twitter for Android,5,N1
askdhiraj,2,2,2,2,1,False,0,2,0,Twitter for Android,5,N1
arunksheoran,2,1,0,1,2,False,4,2,0,Twitter for Android,5,N1
LoveBansal11,1,4,2,3,0,False,9,2,0,Twitter for Android,5,N1
Karnail92276213,0,1,0,2,0,False,9,1,0,Twitter for Android,6,N1
4d6acfb2e8764d8,1,2,1,2,2,False,1,2,0,Twitter for Android,5,N1
nskhannabjp,2,1,1,2,2,False,5,1,0,Twitter for Android,5,N1
rani67890,0,1,0,1,0,False,9,3,0,Twitter for Android,5,N1
Sandeep11961284,0,1,0,2,0,False,9,1,0,Twitter for Android,6,N1
Neeraj_Panday_,1,3,2,2,3,False,9,3,0,Twitter for Android,5,N1
rp007_2001,1,3,1,2,2,False,7,2,0,Twitter for Android,5,N1
amitdhankard,1,3,2,2,2,False,8,1,0,Twitter for Android,5,N1
BabalInsan7,1,1,0,2,0,False,3,4,0,Twitter for Android,5,N1
MarathaKrantiM5,2,3,2,2,2,False,5,2,0,Twitter for Android,5,N1
sinernjit,0,1,0,2,0,False,9,1,0,Twitter for Android,6,N1
charnjotinsan,0,1,0,2,0,False,9,1,0,Twitter for Android,6,N1
PramodSaini97,1,2,1,2,2,False,3,2,0,Twitter for Android,5,N1
icesmith5,0,1,1,2,0,False,8,2,0,Twitter for Android,5,N1
prabjotinsan,0,1,0,2,0,False,9,1,0,Twitter for Android,6,N1
MeetInsamail1,0,1,0,2,0,False,9,1,0,Twitter for Android,6,N1
insan_sarin,0,1,0,2,0,False,7,1,0,Twitter for Android,5,N1
InsanKhuda,0,1,0,2,0,False,9,1,0,Twitter for Android,5,N1
